img,id_poroto,area_mm2,perimetro_mm,eje_mayor_mm,eje_menor_mm,cx_px,cy_px,RGB_dom,HSV_dom,proportion_dom,area_px_dom,image_path,RGB_lote,HSV_lote,area_px_lote
PL01_1.TIF,1,91.0240115,37.235792920275095,12.600897400088833,9.28503426443892,950.4094533534154,2266.736643926641,"(186, 164, 144)","(14, 58, 186)",0.46339815717196775,90296,/content/drive/MyDrive/datasCo/Imagenes_Scaner/PL_cropped/PL01_1.TIF,"(122, 102, 91)","(11, 65, 122)",90296
PL01_1.TIF,2,101.93326387500001,39.63602877722477,13.893565001468868,9.404482153739245,1318.8617456832612,976.2755196898673,"(195, 172, 151)","(14, 58, 195)",0.6578354002254791,101118,/content/drive/MyDrive/datasCo/Imagenes_Scaner/PL_cropped/PL01_1.TIF,"(171, 152, 133)","(15, 57, 171)",101118
PL01_1.TIF,3,92.54416975000001,36.94304693126568,12.413861232184496,9.531768059710304,1944.830192584201,298.94368437105135,"(183, 163, 146)","(14, 52, 183)",0.6306261165090846,91804,/content/drive/MyDrive/datasCo/Imagenes_Scaner/PL_cropped/PL01_1.TIF,"(158, 139, 125)","(13, 53, 158)",91804
PL01_1.TIF,4,118.8072220625,42.14389163966975,14.534979433433556,10.44456375486019,1989.925222939664,1584.1467201778426,"(187, 168, 153)","(13, 46, 187)",0.46413025955182974,117857,/content/drive/MyDrive/datasCo/Imagenes_Scaner/PL_cropped/PL01_1.TIF,"(118, 102, 94)","(10, 52, 118)",117857
PL01_1.TIF,5,108.2890979375,40.17484414448892,13.661977450137465,10.139422477679865,2341.9755266563025,2792.6670731593795,"(187, 167, 148)","(15, 53, 187)",0.5856939389143851,107423,/content/drive/MyDrive/datasCo/Imagenes_Scaner/PL_cropped/PL01_1.TIF,"(149, 133, 118)","(15, 53, 149)",107423
PL01_1.TIF,6,99.24879343750001,39.38389804269647,13.91154741786915,9.123738827350268,2961.642516885887,903.0305418719212,"(188, 166, 146)","(14, 57, 188)",0.5391600223452339,98455,/content/drive/MyDrive/datasCo/Imagenes_Scaner/PL_cropped/PL01_1.TIF,"(142, 122, 109)","(12, 59, 142)",98455
PL01_1.TIF,7,103.91511475,39.52475717610844,13.539250972702234,9.837949037416788,3058.3504423576887,1951.3388013658764,"(184, 165, 149)","(14, 49, 184)",0.5618039656978775,103084,/content/drive/MyDrive/datasCo/Imagenes_Scaner/PL_cropped/PL01_1.TIF,"(137, 119, 108)","(11, 54, 137)",103084
PL01_1.TIF,8,114.72154475,41.940627496619435,14.650618908910884,10.039940078149591,3680.1506713296544,2641.7022248778603,"(185, 166, 149)","(14, 50, 185)",0.6190204210748305,113804,/content/drive/MyDrive/datasCo/Imagenes_Scaner/PL_cropped/PL01_1.TIF,"(147, 127, 115)","(11, 56, 147)",113804
PL01_1.TIF,9,109.71147412500001,40.85848395603767,13.610417327692323,10.35924435023808,3831.2044306007315,381.57996581950493,"(181, 163, 146)","(15, 49, 181)",0.4323924508885091,108834,/content/drive/MyDrive/datasCo/Imagenes_Scaner/PL_cropped/PL01_1.TIF,"(118, 97, 89)","(8, 63, 118)",108834
PL01_1.TIF,10,104.9302336875,39.831589078459054,13.538019889722616,9.972594287528338,4078.695564458022,1379.515001296942,"(178, 162, 144)","(16, 49, 178)",0.45519785572239674,104091,/content/drive/MyDrive/datasCo/Imagenes_Scaner/PL_cropped/PL01_1.TIF,"(115, 101, 91)","(13, 53, 115)",104091
PL01_1.TIF,11,91.36675275,37.03736229852982,12.820799834340695,9.11863641011307,4141.514729246657,2059.5314334260115,"(191, 168, 148)","(14, 57, 191)",0.5186680789090428,90636,/content/drive/MyDrive/datasCo/Imagenes_Scaner/PL_cropped/PL01_1.TIF,"(135, 117, 105)","(12, 57, 135)",90636
PL01_2.TIF,1,108.2669205625,40.26519420088043,13.916859964099437,9.948014202677664,1070.6756547890616,2392.897868734928,"(187, 168, 149)","(15, 52, 187)",0.5924060297390155,107401,/content/drive/MyDrive/datasCo/Imagenes_Scaner/PL_cropped/PL01_2.TIF,"(148, 130, 116)","(13, 55, 148)",107401
PL01_2.TIF,2,194.71533637500002,67.70238734672158,20.655869183286875,13.211202489572933,1075.2247227658186,656.6768500398638,"(190, 167, 145)","(15, 60, 190)",0.6607233456548525,193158,/content/drive/MyDrive/datasCo/Imagenes_Scaner/PL_cropped/PL01_2.TIF,"(162, 140, 122)","(14, 63, 162)",193158
PL01_2.TIF,3,118.739681875,42.278047986304955,14.57328532847118,10.411122591322375,1867.0395704219372,1393.159181594363,"(188, 169, 153)","(14, 47, 188)",0.4679281429075571,117790,/content/drive/MyDrive/datasCo/Imagenes_Scaner/PL_cropped/PL01_2.TIF,"(119, 102, 94)","(10, 54, 119)",117790
PL01_2.TIF,4,92.9846930625,37.33890711971692,12.466280461568475,9.536637688484733,2197.2105137628605,1258.5035938465542,"(185, 163, 145)","(14, 55, 185)",0.6156266781226506,92241,/content/drive/MyDrive/datasCo/Imagenes_Scaner/PL_cropped/PL01_2.TIF,"(148, 128, 114)","(12, 59, 148)",92241
PL01_2.TIF,5,116.3415011875,41.93105438933169,14.75451563192981,10.108613958209924,2636.1403159144274,2358.3133063572795,"(185, 166, 148)","(15, 51, 185)",0.6419578722998674,115411,/content/drive/MyDrive/datasCo/Imagenes_Scaner/PL_cropped/PL01_2.TIF,"(153, 134, 120)","(13, 55, 153)",115411
PL01_2.TIF,6,103.1016083125,39.21176998216189,13.395593737305374,9.865338307791555,3029.748046970482,1417.148958221301,"(187, 167, 149)","(14, 52, 187)",0.5243309835055779,102277,/content/drive/MyDrive/datasCo/Imagenes_Scaner/PL_cropped/PL01_2.TIF,"(133, 117, 105)","(13, 54, 133)",102277
PL01_2.TIF,7,109.3213539375,40.673044257271954,13.52990362279106,10.396050763456154,3415.9511282008725,661.6228664693352,"(185, 166, 149)","(14, 50, 185)",0.5556262506108975,108447,/content/drive/MyDrive/datasCo/Imagenes_Scaner/PL_cropped/PL01_2.TIF,"(144, 123, 111)","(11, 58, 144)",108447
PL01_2.TIF,8,100.8959675625,39.369812129355275,14.03920257822818,9.199251841900702,4024.4591813286174,1074.4156200981126,"(187, 166, 145)","(15, 57, 187)",0.5380811078140455,100089,/content/drive/MyDrive/datasCo/Imagenes_Scaner/PL_cropped/PL01_2.TIF,"(141, 122, 108)","(13, 60, 141)",100089
PL01_2.TIF,9,89.8778444375,37.0509007166902,12.881904413932233,8.934521091943447,4185.147612691932,2378.0922733543443,"(191, 169, 148)","(15, 57, 191)",0.6168193900783993,89159,/content/drive/MyDrive/datasCo/Imagenes_Scaner/PL_cropped/PL01_2.TIF,"(158, 138, 121)","(14, 60, 158)",89159
PL01_2.TIF,10,102.81229437500001,39.35736870155655,13.333632060893171,9.93463953527019,4254.821266790862,1799.2232767918424,"(186, 167, 150)","(14, 49, 186)",0.5969702912050201,101990,/content/drive/MyDrive/datasCo/Imagenes_Scaner/PL_cropped/PL01_2.TIF,"(146, 130, 117)","(13, 51, 146)",101990
PL02_1.TIF,1,164.22951025,51.07209013349834,18.791836373513497,11.226121034804853,794.6958309803825,2211.2787080458643,"(50, 13, 10)","(2, 204, 50)",0.47952318986471554,162916,/content/drive/MyDrive/datasCo/Imagenes_Scaner/PL_cropped/PL02_1.TIF,"(104, 72, 55)","(10, 120, 104)",162916
PL02_1.TIF,2,219.99754387500002,59.342497817130415,21.65911747671038,13.048110852645085,937.7688349416692,1135.6183845159871,"(39, 4, 6)","(178, 229, 39)",0.6159605568232847,218238,/content/drive/MyDrive/datasCo/Imagenes_Scaner/PL_cropped/PL02_1.TIF,"(67, 37, 33)","(4, 129, 67)",218238
PL02_1.TIF,3,202.35745818750001,56.70872994504708,20.905047408308562,12.45838098688754,1420.2126642057597,536.6803809922337,"(40, 5, 7)","(178, 223, 40)",0.6219369429956312,200739,/content/drive/MyDrive/datasCo/Imagenes_Scaner/PL_cropped/PL02_1.TIF,"(64, 34, 32)","(2, 128, 64)",200739
PL02_1.TIF,4,169.021839375,51.801178720833256,19.09233976908731,11.35761646314497,1544.3924315619968,2890.9284845231705,"(166, 143, 108)","(18, 89, 166)",0.5129719091071748,167670,/content/drive/MyDrive/datasCo/Imagenes_Scaner/PL_cropped/PL02_1.TIF,"(127, 88, 63)","(12, 129, 127)",167670
PL02_1.TIF,5,231.70215756250002,61.39596685703606,22.758172335605405,13.150659790126378,1763.1124607894749,1511.7188110455124,"(47, 14, 13)","(1, 184, 47)",0.6290825716013557,229849,/content/drive/MyDrive/datasCo/Imagenes_Scaner/PL_cropped/PL02_1.TIF,"(83, 55, 42)","(10, 126, 83)",229849
PL02_1.TIF,6,192.69114687500002,55.40340177172948,20.365567538142237,12.2213706915509,2563.022725608161,1255.3793251373268,"(67, 8, 4)","(2, 240, 67)",0.6122573894846979,191150,/content/drive/MyDrive/datasCo/Imagenes_Scaner/PL_cropped/PL02_1.TIF,"(79, 25, 19)","(3, 194, 79)",191150
PL02_1.TIF,7,251.082159125,64.41424648013356,24.330819742890462,13.337679615038713,2662.0696258943126,2402.80735845572,"(74, 9, 5)","(2, 238, 74)",0.6140946064221878,249074,/content/drive/MyDrive/datasCo/Imagenes_Scaner/PL_cropped/PL02_1.TIF,"(85, 26, 20)","(3, 195, 85)",249074
PL02_1.TIF,8,208.481437875,57.21882599044802,21.129017772551713,12.647428285768688,3273.7664713220574,687.0294515845155,"(72, 12, 6)","(3, 234, 72)",0.666724689817904,206814,/content/drive/MyDrive/datasCo/Imagenes_Scaner/PL_cropped/PL02_1.TIF,"(83, 30, 21)","(4, 190, 83)",206814
PL02_1.TIF,9,199.8473825625,56.924985011076956,21.071004898227777,12.270883777511237,3527.235935616321,1710.4027510857559,"(68, 10, 7)","(1, 229, 68)",0.511427548184354,198249,/content/drive/MyDrive/datasCo/Imagenes_Scaner/PL_cropped/PL02_1.TIF,"(100, 54, 43)","(6, 145, 100)",198249
PL02_1.TIF,10,299.96109362500005,71.55564614178446,27.08556729776879,14.416917092834659,3559.015240521303,3110.127855707382,"(50, 13, 13)","(0, 189, 50)",0.4741264005484571,297562,/content/drive/MyDrive/datasCo/Imagenes_Scaner/PL_cropped/PL02_1.TIF,"(113, 89, 78)","(9, 79, 113)",297562
PL02_1.TIF,11,236.54388175000003,61.888559173403976,23.24881752789188,13.079404803445518,3927.677207098171,2126.829066021172,"(70, 11, 5)","(3, 237, 70)",0.5828993791769854,234652,/content/drive/MyDrive/datasCo/Imagenes_Scaner/PL_cropped/PL02_1.TIF,"(86, 35, 26)","(5, 178, 86)",234652
PL02_1.TIF,12,187.18208531250002,54.74209921051879,20.39667988055074,11.80188856580891,4070.7909147211676,926.2389853784636,"(77, 18, 10)","(4, 222, 77)",0.6059886366696287,185685,/content/drive/MyDrive/datasCo/Imagenes_Scaner/PL_cropped/PL02_1.TIF,"(108, 63, 47)","(8, 144, 108)",185685
PL02_2.TIF,1,387.0748306875,104.88721763011776,28.433218811178858,20.119587658228816,727.0984012146498,1708.462436747843,"(48, 7, 8)","(179, 218, 48)",0.5249089142895835,383979,/content/drive/MyDrive/datasCo/Imagenes_Scaner/PL_cropped/PL02_2.TIF,"(93, 60, 50)","(7, 118, 93)",383979
PL02_2.TIF,2,187.66696337500002,54.732526103231045,20.315417229652013,11.866872799663263,868.7275925786663,739.1209135932447,"(80, 19, 9)","(4, 226, 80)",0.5751211284552497,186166,/content/drive/MyDrive/datasCo/Imagenes_Scaner/PL_cropped/PL02_2.TIF,"(116, 70, 52)","(8, 141, 116)",186166
PL02_2.TIF,3,231.21828756250002,61.21294391892286,22.73569779458749,13.129435797510661,1597.7997549799668,2297.175036731206,"(59, 12, 11)","(1, 207, 59)",0.6685341087941264,229369,/content/drive/MyDrive/datasCo/Imagenes_Scaner/PL_cropped/PL02_2.TIF,"(91, 53, 44)","(6, 132, 91)",229369
PL02_2.TIF,4,250.5589746875,64.35845032194959,24.309214942553684,13.313733842201655,2192.992323630585,291.7287924201887,"(77, 10, 4)","(2, 242, 77)",0.6880167367383476,248555,/content/drive/MyDrive/datasCo/Imagenes_Scaner/PL_cropped/PL02_2.TIF,"(87, 27, 19)","(4, 199, 87)",248555
PL02_2.TIF,5,169.27687918750001,51.92389269470903,19.055756100625224,11.396255031782129,2198.1310183834257,1395.389065226324,"(76, 23, 14)","(4, 208, 76)",0.4402970409056532,167923,/content/drive/MyDrive/datasCo/Imagenes_Scaner/PL_cropped/PL02_2.TIF,"(125, 87, 62)","(12, 129, 125)",167923
PL02_2.TIF,6,299.15565168750004,71.09209386253134,27.01543096190076,14.410466001331994,2497.283913425865,2543.6016046474797,"(182, 171, 149)","(20, 46, 182)",0.44551039044624835,296763,/content/drive/MyDrive/datasCo/Imagenes_Scaner/PL_cropped/PL02_2.TIF,"(119, 98, 86)","(11, 71, 119)",296763
PL02_2.TIF,7,192.97945275,55.28697593405651,20.265326237937938,12.296466559100098,3202.1784408366243,1312.2065337763013,"(64, 6, 4)","(1, 239, 64)",0.6597515867901377,191436,/content/drive/MyDrive/datasCo/Imagenes_Scaner/PL_cropped/PL02_2.TIF,"(81, 31, 25)","(3, 176, 81)",191436
PL02_2.TIF,8,202.7848766875,56.75385800558166,20.929642952483057,12.474179027966759,3469.5784513056574,2491.595785507275,"(36, 5, 9)","(176, 220, 36)",0.6500549305786849,201163,/content/drive/MyDrive/datasCo/Imagenes_Scaner/PL_cropped/PL02_2.TIF,"(59, 33, 30)","(3, 125, 59)",201163
PL02_2.TIF,9,202.64374793750002,57.20551435221688,21.1726454506108,12.380838861347845,3499.365007984161,1563.1963208190107,"(68, 12, 9)","(2, 221, 68)",0.5449806604186009,201023,/content/drive/MyDrive/datasCo/Imagenes_Scaner/PL_cropped/PL02_2.TIF,"(97, 53, 44)","(5, 139, 97)",201023
PL02_2.TIF,10,206.1134990625,57.0790618473977,20.91318810681298,12.635604778698559,3888.35865796102,798.5359890445798,"(72, 11, 5)","(3, 237, 72)",0.6742620986476903,204465,/content/drive/MyDrive/datasCo/Imagenes_Scaner/PL_cropped/PL02_2.TIF,"(83, 30, 21)","(4, 190, 83)",204465
PL02_2.TIF,11,236.45214806250002,61.737446592916584,23.134421541350733,13.130064976899464,4048.4663946691903,2058.754029868563,"(75, 15, 7)","(4, 231, 75)",0.6116745750572345,234561,/content/drive/MyDrive/datasCo/Imagenes_Scaner/PL_cropped/PL02_2.TIF,"(87, 33, 22)","(5, 191, 87)",234561
PL03_1.TIF,1,137.71343425,45.771322261415015,16.05758006971823,10.994691587971305,1054.466774514684,1240.4030099844815,"(17, 0, 3)","(175, 255, 17)",0.6808406289345006,136612,/content/drive/MyDrive/datasCo/Imagenes_Scaner/PL_cropped/PL03_1.TIF,"(25, 8, 12)","(173, 173, 25)",136612
PL03_1.TIF,2,156.10855875000001,49.3201659147798,16.44108642403942,12.2965779268405,2255.538957768307,1833.0085109130828,"(59, 24, 24)","(0, 151, 59)",0.4552305308020147,154860,/content/drive/MyDrive/datasCo/Imagenes_Scaner/PL_cropped/PL03_1.TIF,"(56, 22, 23)","(179, 155, 56)",154860
PL03_1.TIF,3,137.1529515,50.80774275110054,15.50056972142755,11.407509795956873,2313.8294746280944,728.1538484153584,"(8, 0, 3)","(169, 255, 8)",0.7351458223084613,136056,/content/drive/MyDrive/datasCo/Imagenes_Scaner/PL_cropped/PL03_1.TIF,"(15, 8, 11)","(167, 119, 15)",136056
PL03_1.TIF,4,158.9885933125,51.42336975659584,17.003511185577892,12.080203481192198,3558.345321049728,1175.8693292416162,"(8, 0, 3)","(169, 255, 8)",0.6991193086350869,157717,/content/drive/MyDrive/datasCo/Imagenes_Scaner/PL_cropped/PL03_1.TIF,"(17, 10, 12)","(171, 105, 17)",157717
PL03_1.TIF,5,111.43022068750001,40.7038596245361,13.859857663294306,10.291295026706628,3627.275359827753,2465.314115380092,"(41, 3, 7)","(177, 236, 41)",0.5659088647445698,110539,/content/drive/MyDrive/datasCo/Imagenes_Scaner/PL_cropped/PL03_1.TIF,"(39, 11, 15)","(176, 183, 39)",110539
PL03_2.TIF,1,156.66904150000002,49.145300378341105,16.47927828028196,12.307884324049857,1645.692695732743,2132.1586966592886,"(59, 25, 24)","(1, 151, 59)",0.43447907551346066,155416,/content/drive/MyDrive/datasCo/Imagenes_Scaner/PL_cropped/PL03_2.TIF,"(56, 23, 23)","(0, 150, 56)",155416
PL03_2.TIF,2,137.11565318750002,50.62471981298735,15.56554846959939,11.367408553249644,2038.159220403032,603.8570787904631,"(8, 0, 3)","(169, 255, 8)",0.7181570221807247,136019,/content/drive/MyDrive/datasCo/Imagenes_Scaner/PL_cropped/PL03_2.TIF,"(16, 9, 12)","(167, 112, 16)",136019
PL03_2.TIF,3,270.6032894375,86.2581525448112,27.752420652094706,13.919009996284874,3178.7519026669,2271.5795543866575,"(9, 1, 5)","(165, 227, 9)",0.48924336627688225,268439,/content/drive/MyDrive/datasCo/Imagenes_Scaner/PL_cropped/PL03_2.TIF,"(26, 11, 14)","(174, 147, 26)",268439
PL03_2.TIF,4,139.6852045,46.196996762091125,16.01578850002884,11.194506947125022,3207.6055438485078,1091.7250086600081,"(12, 0, 2)","(175, 255, 12)",0.446784250331967,138568,/content/drive/MyDrive/datasCo/Imagenes_Scaner/PL_cropped/PL03_2.TIF,"(26, 10, 13)","(174, 157, 26)",138568
PL04_1.TIF,1,124.7749520625,43.08604425727196,14.787706723370333,10.79293151682718,1375.7132100471008,2111.097756449098,"(217, 202, 179)","(18, 45, 217)",0.5736203010252309,123777,/content/drive/MyDrive/datasCo/Imagenes_Scaner/PL_cropped/PL04_1.TIF,"(201, 188, 166)","(19, 44, 201)",123777
PL04_1.TIF,2,103.76491343750001,39.96706719538514,14.681725302916531,9.065674169824485,1574.6830232671102,457.1870403652791,"(208, 202, 189)","(21, 23, 208)",0.4893185019672609,102935,/content/drive/MyDrive/datasCo/Imagenes_Scaner/PL_cropped/PL04_1.TIF,"(187, 182, 171)","(21, 22, 187)",102935
PL04_1.TIF,3,134.61767431250001,44.67190177172948,15.176300952440908,11.365475384032628,2676.898615406504,2018.926584344883,"(219, 206, 185)","(19, 40, 219)",0.6467227293490388,133541,/content/drive/MyDrive/datasCo/Imagenes_Scaner/PL_cropped/PL04_1.TIF,"(203, 192, 171)","(20, 40, 203)",133541
PL04_1.TIF,4,105.719546625,39.644827609402455,13.805132577927903,9.77917431750572,3635.175191181799,806.4843431165017,"(214, 200, 177)","(19, 44, 214)",0.57879932109007,104874,/content/drive/MyDrive/datasCo/Imagenes_Scaner/PL_cropped/PL04_1.TIF,"(195, 182, 161)","(19, 44, 195)",104874
PL04_1.TIF,5,107.3052289375,40.20543273182384,13.24119437193555,10.387251849337336,3856.494856595301,2499.0211842513177,"(216, 203, 183)","(18, 39, 216)",0.6192753201123564,106447,/content/drive/MyDrive/datasCo/Imagenes_Scaner/PL_cropped/PL04_1.TIF,"(199, 187, 168)","(18, 40, 199)",106447
PL04_2.TIF,1,105.60563556250001,39.688633899646156,13.194202478785233,10.25689909323671,2131.635455942574,952.1227078779317,"(214, 201, 179)","(19, 42, 214)",0.601998835444488,104761,/content/drive/MyDrive/datasCo/Imagenes_Scaner/PL_cropped/PL04_2.TIF,"(196, 184, 163)","(19, 43, 196)",104761
PL04_2.TIF,2,103.483664,40.17935695054238,14.665767427787024,9.056002146714555,2275.9429064058604,2458.6199247973814,"(211, 203, 189)","(19, 27, 211)",0.5153141394973425,102656,/content/drive/MyDrive/datasCo/Imagenes_Scaner/PL_cropped/PL04_2.TIF,"(193, 186, 173)","(20, 26, 193)",102656
PL04_2.TIF,3,122.983625,42.84954798630496,14.70408759333645,10.69748241737765,2540.3439836065572,2626.7196229508195,"(219, 205, 183)","(18, 42, 219)",0.632974510896665,122000,/content/drive/MyDrive/datasCo/Imagenes_Scaner/PL_cropped/PL04_2.TIF,"(204, 191, 169)","(19, 44, 204)",122000
PL04_2.TIF,4,105.40503112500001,39.569110961532964,13.76930614739075,9.781631734023973,2907.922132323406,969.4664313995524,"(212, 197, 175)","(18, 45, 212)",0.5791396492033435,104562,/content/drive/MyDrive/datasCo/Imagenes_Scaner/PL_cropped/PL04_2.TIF,"(194, 180, 159)","(18, 46, 194)",104562
PL04_2.TIF,5,135.41807593750002,44.806605613545514,15.199570309541473,11.403998720846364,3558.1742658279672,1998.077046190494,"(218, 204, 183)","(18, 41, 218)",0.6044441135966055,134335,/content/drive/MyDrive/datasCo/Imagenes_Scaner/PL_cropped/PL04_2.TIF,"(199, 187, 166)","(19, 42, 199)",134335
PL05_1.TIF,1,76.8718220625,33.83605973731913,11.537240617280581,8.52257415222112,1482.3073553903248,985.2311525499298,"(201, 181, 148)","(19, 67, 201)",0.594201188087651,76257,/content/drive/MyDrive/datasCo/Imagenes_Scaner/PL_cropped/PL05_1.TIF,"(187, 169, 138)","(19, 67, 187)",76257
PL05_1.TIF,2,65.671239625,30.814362298529822,10.297141966980709,8.137594491148192,1620.3069259816411,2399.872332913763,"(207, 191, 159)","(20, 59, 207)",0.4863690786848003,65146,/content/drive/MyDrive/datasCo/Imagenes_Scaner/PL_cropped/PL05_1.TIF,"(189, 172, 140)","(20, 66, 189)",65146
PL05_1.TIF,3,112.79614537500001,41.242127496619425,14.091821155002139,10.29204364472744,2158.4214077609167,1333.787137826872,"(215, 198, 169)","(19, 55, 215)",0.5533093820937673,111894,/content/drive/MyDrive/datasCo/Imagenes_Scaner/PL_cropped/PL05_1.TIF,"(198, 182, 154)","(19, 57, 198)",111894
PL05_1.TIF,4,91.47562350000001,36.94117766579397,13.068089730811,8.940809632312058,2635.4802851979193,2279.803325839725,"(212, 197, 172)","(19, 48, 212)",0.5571938640571278,90744,/content/drive/MyDrive/datasCo/Imagenes_Scaner/PL_cropped/PL05_1.TIF,"(196, 182, 159)","(19, 48, 196)",90744
PL05_1.TIF,5,105.9967638125,39.58770968092762,13.766201401269829,9.857857608582414,2745.301942957137,404.2957992943347,"(217, 203, 180)","(19, 43, 217)",0.5752313383864801,105149,/content/drive/MyDrive/datasCo/Imagenes_Scaner/PL_cropped/PL05_1.TIF,"(200, 188, 166)","(19, 43, 200)",105149
PL05_1.TIF,6,89.9806668125,36.9135533342924,13.021613110391126,8.836123200333207,3603.2156596946033,2445.504016311715,"(206, 188, 159)","(19, 58, 206)",0.41817693048679405,89261,/content/drive/MyDrive/datasCo/Imagenes_Scaner/PL_cropped/PL05_1.TIF,"(181, 165, 134)","(20, 66, 181)",89261
PL05_1.TIF,7,96.04617887500001,37.919980227004665,13.255957823804918,9.276472381804512,4135.781481559226,1177.371187472449,"(214, 200, 175)","(19, 46, 214)",0.6106131530888558,95278,/content/drive/MyDrive/datasCo/Imagenes_Scaner/PL_cropped/PL05_1.TIF,"(198, 185, 161)","(19, 48, 198)",95278
PL05_2.TIF,1,65.60873975,30.94136229852982,10.29322445440113,8.133395063433277,1397.5934945608751,787.4726660930489,"(209, 193, 165)","(19, 54, 209)",0.5631798906029132,65084,/content/drive/MyDrive/datasCo/Imagenes_Scaner/PL_cropped/PL05_2.TIF,"(190, 176, 147)","(20, 58, 190)",65084
PL05_2.TIF,2,105.054225375,39.416035180251505,13.682738180466302,9.831346069683653,2455.212975224058,344.0971654480204,"(218, 205, 184)","(19, 40, 218)",0.6201182182816128,104214,/content/drive/MyDrive/datasCo/Imagenes_Scaner/PL_cropped/PL05_2.TIF,"(203, 191, 170)","(19, 41, 203)",104214
PL05_2.TIF,3,112.79916956250001,41.136917251776666,14.066365589774806,10.30061943359704,2595.9267093845233,1342.3936834767687,"(217, 199, 168)","(19, 58, 217)",0.6011424466230364,111897,/content/drive/MyDrive/datasCo/Imagenes_Scaner/PL_cropped/PL05_2.TIF,"(200, 184, 154)","(20, 59, 200)",111897
PL05_2.TIF,4,89.3334906875,37.08039431366346,12.963753551473195,8.81031879145531,2913.3242645482346,1545.443290942123,"(176, 158, 122)","(20, 78, 176)",0.39810702427665906,88619,/content/drive/MyDrive/datasCo/Imagenes_Scaner/PL_cropped/PL05_2.TIF,"(177, 161, 128)","(20, 71, 177)",88619
PL05_2.TIF,5,76.82545118750001,33.546731564001526,11.5045630645775,8.5428040870295,3021.649118893598,2699.968337903977,"(201, 181, 148)","(19, 67, 201)",0.5551429583655902,76211,/content/drive/MyDrive/datasCo/Imagenes_Scaner/PL_cropped/PL05_2.TIF,"(186, 168, 138)","(19, 66, 186)",76211
PL05_2.TIF,6,191.525826625,68.16922459705964,22.186516899908252,12.451920257496399,3977.390096529364,1330.8255734391612,"(215, 199, 172)","(19, 51, 215)",0.6081771003294841,189994,/content/drive/MyDrive/datasCo/Imagenes_Scaner/PL_cropped/PL05_2.TIF,"(200, 185, 159)","(19, 52, 200)",189994
PL06_1.TIF,1,146.37470725,47.28894018988986,16.010185108241554,11.765389214995903,1750.697246632324,705.0546541417592,"(116, 56, 17)","(12, 218, 116)",0.5621263877028181,145204,/content/drive/MyDrive/datasCo/Imagenes_Scaner/PL_cropped/PL06_1.TIF,"(91, 40, 15)","(10, 213, 91)",145204
PL06_1.TIF,2,113.0874754375,41.339407119716924,14.140715553583862,10.243602187150673,1771.9428255618052,2557.369262722516,"(107, 45, 9)","(11, 234, 107)",0.5171639196669727,112183,/content/drive/MyDrive/datasCo/Imagenes_Scaner/PL_cropped/PL06_1.TIF,"(92, 40, 16)","(9, 211, 92)",112183
PL06_1.TIF,3,135.25275368750002,45.08535962453611,15.120991384340032,11.463904113096843,2564.014764740518,1356.7929805993845,"(16, 3, 6)","(173, 207, 16)",0.49310953931922696,134171,/content/drive/MyDrive/datasCo/Imagenes_Scaner/PL_cropped/PL06_1.TIF,"(48, 28, 22)","(7, 138, 48)",134171
PL06_1.TIF,4,156.8252911875,48.9811029395518,16.896713974383314,11.998425273342447,3212.2862230107153,2710.3986797025154,"(110, 58, 28)","(11, 190, 110)",0.40314068817453125,155571,/content/drive/MyDrive/datasCo/Imagenes_Scaner/PL_cropped/PL06_1.TIF,"(74, 36, 21)","(8, 183, 74)",155571
PL06_1.TIF,5,161.2980645,49.50824915412728,16.916901567228024,12.345736414949807,3696.6142505374733,1029.5230238488075,"(96, 36, 6)","(10, 239, 96)",0.44462776861156944,160008,/content/drive/MyDrive/datasCo/Imagenes_Scaner/PL_cropped/PL06_1.TIF,"(80, 30, 13)","(8, 214, 80)",160008
PL06_2.TIF,1,146.54305368750002,47.431121093592694,16.03204816948905,11.747908298601693,1577.5666673545618,1122.413081013407,"(113, 49, 6)","(12, 241, 113)",0.5086915547117375,145371,/content/drive/MyDrive/datasCo/Imagenes_Scaner/PL_cropped/PL06_2.TIF,"(99, 45, 15)","(11, 216, 99)",145371
PL06_2.TIF,2,274.386548,87.65031902350616,31.13609244808544,12.385136743643564,2529.673355572537,1688.6940725664238,"(97, 39, 8)","(10, 234, 97)",0.3823844932988479,272192,/content/drive/MyDrive/datasCo/Imagenes_Scaner/PL_cropped/PL06_2.TIF,"(87, 39, 18)","(9, 202, 87)",272192
PL06_2.TIF,3,156.501703125,49.088729945047085,17.080439368533423,11.780051072814045,3550.506086956522,2492.5587890499196,"(101, 38, 6)","(10, 240, 101)",0.4603478260869565,155250,/content/drive/MyDrive/datasCo/Imagenes_Scaner/PL_cropped/PL06_2.TIF,"(90, 37, 16)","(9, 210, 90)",155250
PL06_2.TIF,4,137.064242,46.37395834393075,15.243414774242265,11.534345799000613,3786.5877338785594,1129.5282787126382,"(15, 3, 6)","(173, 204, 15)",0.5226965168274889,135968,/content/drive/MyDrive/datasCo/Imagenes_Scaner/PL_cropped/PL06_2.TIF,"(47, 24, 16)","(8, 168, 47)",135968
PL07_1.TIF,1,67.71155812500001,31.433407119716925,10.587217072538513,8.184318894167141,987.4110912609796,1270.8727259193092,"(213, 195, 161)","(20, 62, 213)",0.499344945660265,67170,/content/drive/MyDrive/datasCo/Imagenes_Scaner/PL_cropped/PL07_1.TIF,"(192, 176, 143)","(20, 65, 192)",67170
PL07_1.TIF,2,104.25886406250001,40.39483774146218,13.955986549179961,9.681068937507767,1044.2073386511966,2196.8270630891952,"(214, 199, 171)","(20, 51, 214)",0.5939666424945613,103425,/content/drive/MyDrive/datasCo/Imagenes_Scaner/PL_cropped/PL07_1.TIF,"(197, 183, 156)","(20, 53, 197)",103425
PL07_1.TIF,3,100.03810637500001,39.19262376758642,13.273657505238527,9.725678086304558,1223.435397730708,864.7847397166408,"(213, 195, 163)","(19, 60, 213)",0.5262298716217578,99238,/content/drive/MyDrive/datasCo/Imagenes_Scaner/PL_cropped/PL07_1.TIF,"(193, 176, 145)","(19, 63, 193)",99238
PL07_1.TIF,4,92.88388681250001,37.13751224213831,12.995773522696863,9.169722030772972,1746.8173451557939,2115.0028543210947,"(210, 191, 156)","(19, 66, 210)",0.5176305879033221,92141,/content/drive/MyDrive/datasCo/Imagenes_Scaner/PL_cropped/PL07_1.TIF,"(190, 170, 134)","(19, 75, 190)",92141
PL07_1.TIF,5,98.3435533125,38.57303145121849,13.300636969101017,9.503331512723213,1952.2151665180356,842.0620252775301,"(213, 199, 169)","(20, 53, 213)",0.6046413891366074,97557,/content/drive/MyDrive/datasCo/Imagenes_Scaner/PL_cropped/PL07_1.TIF,"(197, 185, 156)","(21, 53, 197)",97557
PL07_1.TIF,6,78.7669795625,34.49494553787729,12.27147388143092,8.215203571237964,2342.385694357347,2807.8557533562844,"(211, 196, 167)","(20, 53, 211)",0.5347658599639096,78137,/content/drive/MyDrive/datasCo/Imagenes_Scaner/PL_cropped/PL07_1.TIF,"(193, 179, 150)","(20, 57, 193)",78137
PL07_1.TIF,7,100.888911125,39.450589078459046,13.958932141161261,9.320651964103558,2405.1123678583563,1160.3219559960833,"(211, 196, 167)","(20, 53, 211)",0.5429048180491997,100082,/content/drive/MyDrive/datasCo/Imagenes_Scaner/PL_cropped/PL07_1.TIF,"(193, 179, 152)","(20, 54, 193)",100082
PL07_1.TIF,8,93.54315968750001,37.27859815547951,12.736986288536944,9.437389579118541,2819.0355622608977,707.1221617544048,"(211, 195, 166)","(19, 54, 211)",0.5317312355191551,92795,/content/drive/MyDrive/datasCo/Imagenes_Scaner/PL_cropped/PL07_1.TIF,"(192, 178, 150)","(20, 56, 192)",92795
PL07_1.TIF,9,78.118795375,33.81823529303453,11.281962546820859,8.881065675022962,3347.298590858647,1726.7610137559036,"(211, 195, 165)","(20, 56, 211)",0.5524685782125067,77494,/content/drive/MyDrive/datasCo/Imagenes_Scaner/PL_cropped/PL07_1.TIF,"(192, 177, 148)","(20, 58, 192)",77494
PL07_1.TIF,10,96.5814600625,38.15405973731913,12.895518844150672,9.683662955974123,3405.743677525076,2765.10537632164,"(213, 199, 170)","(20, 51, 213)",0.5395317767641871,95809,/content/drive/MyDrive/datasCo/Imagenes_Scaner/PL_cropped/PL07_1.TIF,"(194, 181, 153)","(20, 54, 194)",95809
PL07_1.TIF,11,82.8798745625,35.468461017924476,12.58590351015463,8.450967606978587,3782.0164564506126,986.4504299597406,"(207, 192, 163)","(20, 54, 207)",0.5067321843414379,82217,/content/drive/MyDrive/datasCo/Imagenes_Scaner/PL_cropped/PL07_1.TIF,"(187, 173, 145)","(20, 57, 187)",82217
PL07_1.TIF,12,95.550212125,38.4356840688207,13.679067058555065,8.97224649508976,4423.730888527842,2307.0513894456985,"(213, 199, 172)","(20, 49, 213)",0.5311649399700378,94786,/content/drive/MyDrive/datasCo/Imagenes_Scaner/PL_cropped/PL07_1.TIF,"(191, 179, 154)","(20, 49, 191)",94786
PL07_2.TIF,1,68.606717625,31.687407119716923,10.777401700085068,8.150020403371448,1376.611684151753,831.1659319991771,"(210, 192, 159)","(19, 62, 210)",0.48659966499162477,68058,/content/drive/MyDrive/datasCo/Imagenes_Scaner/PL_cropped/PL07_2.TIF,"(189, 173, 141)","(20, 65, 189)",68058
PL07_2.TIF,2,92.9020319375,37.31579559426881,12.961060853745563,9.199228440843427,2107.3193285517423,1876.1519873262514,"(214, 194, 159)","(19, 66, 214)",0.557818552718671,92159,/content/drive/MyDrive/datasCo/Imagenes_Scaner/PL_cropped/PL07_2.TIF,"(194, 174, 138)","(19, 74, 194)",92159
PL07_2.TIF,3,184.84338031250002,66.92684892856121,19.25884121394752,13.259548080413042,2187.4082785700652,2827.9842827148036,"(216, 200, 171)","(19, 53, 216)",0.5779019987456712,183365,/content/drive/MyDrive/datasCo/Imagenes_Scaner/PL_cropped/PL07_2.TIF,"(198, 183, 155)","(20, 55, 198)",183365
PL07_2.TIF,4,93.0532413125,37.13938150761001,12.774888211825125,9.363802263814932,2459.104280189364,1778.9788319665472,"(213, 196, 165)","(19, 57, 213)",0.5455264383754563,92309,/content/drive/MyDrive/datasCo/Imagenes_Scaner/PL_cropped/PL07_2.TIF,"(196, 179, 149)","(19, 61, 196)",92309
PL07_2.TIF,5,78.07444062500001,33.73162376758642,11.13070613121556,8.994604529096003,2708.016061975468,551.3666107165914,"(214, 197, 166)","(19, 57, 214)",0.5565655261459006,77450,/content/drive/MyDrive/datasCo/Imagenes_Scaner/PL_cropped/PL07_2.TIF,"(194, 179, 149)","(20, 59, 194)",77450
PL07_2.TIF,6,100.31532356250001,39.34273529303453,13.3955943128119,9.659268912753726,2802.6666365198516,1592.9384301548541,"(212, 193, 161)","(19, 61, 212)",0.5637856360475516,99513,/content/drive/MyDrive/datasCo/Imagenes_Scaner/PL_cropped/PL07_2.TIF,"(192, 176, 145)","(20, 62, 192)",99513
PL07_2.TIF,7,94.75283468750001,38.12137510458328,13.578639171691913,8.966382742946644,3099.7614128411087,672.9398904197031,"(214, 200, 173)","(20, 49, 214)",0.5642853343262939,93995,/content/drive/MyDrive/datasCo/Imagenes_Scaner/PL_cropped/PL07_2.TIF,"(196, 183, 157)","(20, 51, 196)",93995
PL07_2.TIF,8,96.3899281875,38.2310981554795,12.85369573946019,9.691678104545534,3125.363191415932,2702.7675880316674,"(214, 200, 172)","(20, 50, 214)",0.53471590374298,95619,/content/drive/MyDrive/datasCo/Imagenes_Scaner/PL_cropped/PL07_2.TIF,"(194, 181, 154)","(20, 53, 194)",95619
PL07_2.TIF,9,97.5088775625,38.21591725177666,13.449115880353991,9.319212294629997,3675.722833896763,2233.185177144393,"(212, 198, 169)","(20, 52, 212)",0.5854500718502207,96729,/content/drive/MyDrive/datasCo/Imagenes_Scaner/PL_cropped/PL07_2.TIF,"(196, 184, 157)","(21, 51, 196)",96729
PL07_2.TIF,10,179.50367325000002,72.05229770434738,20.544954985825182,12.385841864519719,4053.1522901363523,1084.1669980007637,"(213, 197, 167)","(20, 55, 213)",0.552300244850282,178068,/content/drive/MyDrive/datasCo/Imagenes_Scaner/PL_cropped/PL07_2.TIF,"(196, 182, 152)","(20, 57, 196)",178068
PL08_1.TIF,1,128.699339375,44.51672994504708,15.57683657105955,10.63623539816386,1746.9808882274615,723.6029920889794,"(216, 202, 175)","(20, 48, 216)",0.5000548288556435,127670,/content/drive/MyDrive/datasCo/Imagenes_Scaner/PL_cropped/PL08_1.TIF,"(197, 183, 157)","(20, 52, 197)",127670
PL08_1.TIF,2,121.7326194375,42.52543913485057,14.817276599041742,10.506141564718137,2037.127278298098,1666.0311860813688,"(217, 204, 182)","(19, 41, 217)",0.6264543429475236,120759,/content/drive/MyDrive/datasCo/Imagenes_Scaner/PL_cropped/PL08_1.TIF,"(203, 191, 171)","(19, 40, 203)",120759
PL08_1.TIF,3,133.0713064375,44.604436460856846,15.11411320398457,11.313324069504365,2785.6215276462613,1277.6143462089133,"(221, 208, 186)","(19, 40, 221)",0.6399887884733385,132007,/content/drive/MyDrive/datasCo/Imagenes_Scaner/PL_cropped/PL08_1.TIF,"(206, 195, 173)","(20, 41, 206)",132007
PL08_1.TIF,4,132.3031628125,44.632060792358416,15.626820379005183,10.888196156238484,3073.17229608747,2325.0310945178862,"(215, 203, 182)","(19, 39, 215)",0.6211589012914778,131245,/content/drive/MyDrive/datasCo/Imagenes_Scaner/PL_cropped/PL08_1.TIF,"(200, 190, 170)","(20, 38, 200)",131245
PL08_1.TIF,5,124.76285531250001,43.278092807492065,15.216232664996946,10.48958258931889,3962.909255443785,1455.0428796509514,"(219, 206, 180)","(20, 45, 219)",0.5531854724679837,123765,/content/drive/MyDrive/datasCo/Imagenes_Scaner/PL_cropped/PL08_1.TIF,"(200, 188, 163)","(20, 47, 200)",123765
PL08_2.TIF,1,128.699339375,44.51672994504708,15.57683657105955,10.63623539816386,1746.9808882274615,723.6029920889794,"(216, 202, 175)","(20, 48, 216)",0.5000548288556435,127670,/content/drive/MyDrive/datasCo/Imagenes_Scaner/PL_cropped/PL08_2.TIF,"(197, 183, 157)","(20, 52, 197)",127670
PL08_2.TIF,2,121.7326194375,42.52543913485057,14.817276599041742,10.506141564718137,2037.127278298098,1666.0311860813688,"(217, 204, 182)","(19, 41, 217)",0.6264543429475236,120759,/content/drive/MyDrive/datasCo/Imagenes_Scaner/PL_cropped/PL08_2.TIF,"(203, 191, 171)","(19, 40, 203)",120759
PL08_2.TIF,3,133.0713064375,44.604436460856846,15.11411320398457,11.313324069504365,2785.6215276462613,1277.6143462089133,"(221, 208, 186)","(19, 40, 221)",0.6399887884733385,132007,/content/drive/MyDrive/datasCo/Imagenes_Scaner/PL_cropped/PL08_2.TIF,"(206, 195, 173)","(20, 41, 206)",132007
PL08_2.TIF,4,132.3031628125,44.632060792358416,15.626820379005183,10.888196156238484,3073.17229608747,2325.0310945178862,"(215, 203, 182)","(19, 39, 215)",0.6211589012914778,131245,/content/drive/MyDrive/datasCo/Imagenes_Scaner/PL_cropped/PL08_2.TIF,"(200, 190, 170)","(20, 38, 200)",131245
PL08_2.TIF,5,124.76285531250001,43.278092807492065,15.216232664996946,10.48958258931889,3962.909255443785,1455.0428796509514,"(219, 206, 180)","(20, 45, 219)",0.5531854724679837,123765,/content/drive/MyDrive/datasCo/Imagenes_Scaner/PL_cropped/PL08_2.TIF,"(200, 188, 163)","(20, 47, 200)",123765
PL09_1.TIF,1,99.77500206250001,38.72446474695749,13.360923953668227,9.602763441140246,1596.3604271699485,1842.0420602766299,"(214, 203, 182)","(20, 38, 214)",0.5947543368661407,98977,/content/drive/MyDrive/datasCo/Imagenes_Scaner/PL_cropped/PL09_1.TIF,"(197, 187, 167)","(20, 39, 197)",98977
PL09_1.TIF,2,93.5673531875,37.246461017924474,12.81929820470255,9.333182800686874,1718.7189153082882,937.1338626789774,"(213, 199, 176)","(19, 44, 213)",0.5787392667449552,92819,/content/drive/MyDrive/datasCo/Imagenes_Scaner/PL_cropped/PL09_1.TIF,"(196, 184, 161)","(20, 46, 196)",92819
PL09_1.TIF,3,196.73750975000002,74.55423205512567,25.96131249793455,11.437029008456758,2276.642925949458,2378.3889805496915,"(216, 205, 183)","(20, 39, 216)",0.5697157262609908,195164,/content/drive/MyDrive/datasCo/Imagenes_Scaner/PL_cropped/PL09_1.TIF,"(198, 187, 165)","(20, 42, 198)",195164
PL09_1.TIF,4,108.04413875,40.400445537877296,14.313642023034717,9.651760800386063,2350.329856316477,1692.911839895503,"(216, 202, 177)","(19, 46, 216)",0.603853330845307,107180,/content/drive/MyDrive/datasCo/Imagenes_Scaner/PL_cropped/PL09_1.TIF,"(200, 187, 162)","(20, 48, 200)",107180
PL09_1.TIF,5,108.8657096875,40.15414937969334,13.546014280526036,10.289586782583433,2646.8560488911526,1287.1428769850456,"(214, 202, 180)","(19, 41, 214)",0.5731006065095606,107995,/content/drive/MyDrive/datasCo/Imagenes_Scaner/PL_cropped/PL09_1.TIF,"(196, 185, 163)","(20, 43, 196)",107995
PL09_1.TIF,6,127.09147968750001,44.304213409960624,15.565463501289578,10.485052316150629,2943.132191156058,2739.0835693039858,"(215, 203, 179)","(20, 43, 215)",0.6074320840769384,126075,/content/drive/MyDrive/datasCo/Imagenes_Scaner/PL_cropped/PL09_1.TIF,"(198, 186, 162)","(20, 46, 198)",126075
PL09_1.TIF,7,82.04116656250001,34.94395834393075,12.196516885919978,8.58412119313435,2967.9454936413345,739.0186889475948,"(214, 201, 178)","(19, 43, 214)",0.542446396756159,81385,/content/drive/MyDrive/datasCo/Imagenes_Scaner/PL_cropped/PL09_1.TIF,"(197, 185, 163)","(19, 44, 197)",81385
PL09_1.TIF,8,98.8919393125,38.587117364559695,13.76053379223534,9.168799002428917,3144.6326235206575,1794.8666680258102,"(211, 196, 168)","(20, 52, 211)",0.6132557262413227,98101,/content/drive/MyDrive/datasCo/Imagenes_Scaner/PL_cropped/PL09_1.TIF,"(196, 182, 155)","(20, 53, 196)",98101
PL09_1.TIF,9,77.388958125,33.83792900279083,11.46495461842144,8.609233004289575,3308.942243063697,2438.07771264817,"(212, 197, 172)","(19, 48, 212)",0.5339846294125309,76770,/content/drive/MyDrive/datasCo/Imagenes_Scaner/PL_cropped/PL09_1.TIF,"(194, 181, 156)","(20, 50, 194)",76770
PL09_1.TIF,10,79.57544568750001,34.239623767586416,11.853230929431808,8.577462439225496,3331.094896058982,1223.226770037624,"(206, 192, 160)","(21, 57, 206)",0.5192490403982822,78939,/content/drive/MyDrive/datasCo/Imagenes_Scaner/PL_cropped/PL09_1.TIF,"(188, 175, 143)","(21, 61, 188)",78939
PL09_1.TIF,11,105.49777287500001,39.62755066029868,13.989732454338611,9.642587713057342,3538.3115122212243,2051.7534924608713,"(218, 206, 184)","(19, 40, 218)",0.6037896305922372,104654,/content/drive/MyDrive/datasCo/Imagenes_Scaner/PL_cropped/PL09_1.TIF,"(203, 191, 170)","(19, 41, 203)",104654
PL09_2.TIF,1,98.6379075625,38.47871608395434,13.36552554167179,9.487795301264562,1580.6883463295485,2243.27617042586,"(216, 204, 182)","(19, 40, 216)",0.6153460944925344,97849,/content/drive/MyDrive/datasCo/Imagenes_Scaner/PL_cropped/PL09_2.TIF,"(200, 189, 168)","(20, 41, 200)",97849
PL09_2.TIF,2,212.24554325000003,68.3995655764307,21.575647780926392,13.791258745902303,1768.4881879666395,1008.7268033892509,"(215, 202, 179)","(19, 43, 215)",0.5843085662176796,210548,/content/drive/MyDrive/datasCo/Imagenes_Scaner/PL_cropped/PL09_2.TIF,"(198, 186, 162)","(20, 46, 198)",210548
PL09_2.TIF,3,94.7709798125,37.57617766579397,12.931057332122432,9.366147665073395,1898.298139618989,2330.3506217225276,"(216, 202, 178)","(19, 45, 216)",0.6503568655398722,94013,/content/drive/MyDrive/datasCo/Imagenes_Scaner/PL_cropped/PL09_2.TIF,"(204, 191, 167)","(19, 46, 204)",94013
PL09_2.TIF,4,92.2709848125,36.91487510458328,12.659101990135524,9.320259436694974,2192.270907760043,1742.8160226366447,"(215, 204, 183)","(20, 38, 215)",0.5425147214665749,91533,/content/drive/MyDrive/datasCo/Imagenes_Scaner/PL_cropped/PL09_2.TIF,"(196, 185, 165)","(19, 40, 196)",91533
PL09_2.TIF,5,81.372821125,34.84193913485057,12.105417763586368,8.578404299985058,2466.079036693838,766.7275835583856,"(210, 196, 172)","(19, 46, 210)",0.6148385817992617,80722,/content/drive/MyDrive/datasCo/Imagenes_Scaner/PL_cropped/PL09_2.TIF,"(196, 182, 159)","(19, 48, 196)",80722
PL09_2.TIF,6,127.9019619375,44.30872621601408,15.640678838795617,10.50102814880174,2509.0137138533564,2345.232717786237,"(215, 203, 179)","(20, 43, 215)",0.6196927781587181,126879,/content/drive/MyDrive/datasCo/Imagenes_Scaner/PL_cropped/PL09_2.TIF,"(198, 186, 163)","(20, 45, 198)",126879
PL09_2.TIF,7,203.76975375,71.36414508674517,21.22331362539578,13.463662340991336,2930.568981893737,1537.4228851291184,"(215, 201, 175)","(20, 47, 215)",0.5970268130998319,202140,/content/drive/MyDrive/datasCo/Imagenes_Scaner/PL_cropped/PL09_2.TIF,"(199, 186, 160)","(20, 50, 199)",202140
PL09_2.TIF,8,77.29420025,33.50502131915876,11.457789895473683,8.602888771997307,3044.949788721373,2750.017084876624,"(208, 194, 171)","(19, 45, 208)",0.5772079920705305,76676,/content/drive/MyDrive/datasCo/Imagenes_Scaner/PL_cropped/PL09_2.TIF,"(191, 179, 156)","(20, 47, 191)",76676
PL09_2.TIF,9,80.60870975,34.483276385188624,11.970118830609067,8.602721539684886,3636.7518883497573,1158.3925391426142,"(208, 194, 164)","(20, 54, 208)",0.5625281376619479,79964,/content/drive/MyDrive/datasCo/Imagenes_Scaner/PL_cropped/PL09_2.TIF,"(190, 178, 149)","(21, 55, 190)",79964
PL09_2.TIF,10,107.6721636875,40.25694286388357,14.000228323133063,9.831275421390576,3754.379314864574,2136.851710029866,"(216, 205, 184)","(20, 38, 216)",0.5895085712145752,106811,/content/drive/MyDrive/datasCo/Imagenes_Scaner/PL_cropped/PL09_2.TIF,"(199, 189, 169)","(20, 38, 199)",106811
PL10_1.TIF,1,86.580472,36.507025048191764,12.664639161777705,8.746617460418479,1608.0386899217585,1844.6724455104322,"(214, 202, 184)","(18, 36, 214)",0.5027826937406855,85888,/content/drive/MyDrive/datasCo/Imagenes_Scaner/PL_cropped/PL10_1.TIF,"(196, 184, 167)","(18, 38, 196)",85888
PL10_1.TIF,2,99.2689546875,38.23638523664302,12.989438226650849,9.778971997412262,1800.3539172378776,630.3529525260218,"(220, 208, 187)","(19, 38, 220)",0.5822086824067022,98475,/content/drive/MyDrive/datasCo/Imagenes_Scaner/PL_cropped/PL10_1.TIF,"(204, 193, 173)","(19, 39, 204)",98475
PL10_1.TIF,3,94.53610125,37.488471149984214,13.143815964052973,9.1855297716521,1971.5939752612496,1105.4510343356792,"(218, 206, 184)","(19, 40, 218)",0.604510556621881,93780,/content/drive/MyDrive/datasCo/Imagenes_Scaner/PL_cropped/PL10_1.TIF,"(202, 191, 171)","(19, 39, 202)",93780
PL10_1.TIF,4,71.167196375,32.48902131915875,11.011056613229174,8.267222294206944,2128.7528825179184,2097.1472704609196,"(218, 203, 181)","(18, 43, 218)",0.48287486897645826,70598,/content/drive/MyDrive/datasCo/Imagenes_Scaner/PL_cropped/PL10_1.TIF,"(200, 185, 162)","(18, 48, 200)",70598
PL10_1.TIF,5,94.231666375,37.1144007166902,12.755423958226194,9.438732767308245,2307.8191553092706,2439.1751214189435,"(216, 202, 183)","(17, 39, 216)",0.5266907721602944,93478,/content/drive/MyDrive/datasCo/Imagenes_Scaner/PL_cropped/PL10_1.TIF,"(199, 187, 168)","(18, 40, 199)",93478
PL10_1.TIF,6,85.62785293750001,35.73545194090402,12.497512661602547,8.745050261173967,2494.6230531062006,1686.8003366963728,"(215, 200, 178)","(18, 44, 215)",0.5662149912294127,84943,/content/drive/MyDrive/datasCo/Imagenes_Scaner/PL_cropped/PL10_1.TIF,"(199, 186, 165)","(19, 44, 199)",84943
PL10_1.TIF,7,58.280125375000004,28.9444636919182,9.56693097892891,7.787480328524335,2574.7399937731348,989.5881101463314,"(208, 193, 168)","(19, 49, 208)",0.4828242294253987,57814,/content/drive/MyDrive/datasCo/Imagenes_Scaner/PL_cropped/PL10_1.TIF,"(195, 179, 153)","(19, 55, 195)",57814
PL10_1.TIF,8,83.7629373125,34.953531451218495,11.567303243222895,9.24555815925669,2935.184407832188,2361.0077022131827,"(215, 203, 181)","(19, 40, 215)",0.6264306259251682,83093,/content/drive/MyDrive/datasCo/Imagenes_Scaner/PL_cropped/PL10_1.TIF,"(199, 187, 166)","(19, 42, 199)",83093
PL10_1.TIF,9,100.10564656250001,38.60197755301094,13.547624133899555,9.45955325615175,3025.4488595740395,1052.9526509239213,"(220, 208, 187)","(19, 38, 220)",0.5987211117264992,99305,/content/drive/MyDrive/datasCo/Imagenes_Scaner/PL_cropped/PL10_1.TIF,"(205, 194, 173)","(20, 40, 205)",99305
PL10_1.TIF,10,73.4282805625,32.62504693126568,10.973723441733158,8.540172128698272,3088.585068848588,662.5650389203882,"(212, 197, 175)","(18, 45, 212)",0.5945827212696146,72841,/content/drive/MyDrive/datasCo/Imagenes_Scaner/PL_cropped/PL10_1.TIF,"(196, 182, 161)","(18, 46, 196)",72841
PL10_1.TIF,11,102.461488625,38.81294553787729,13.221012453593636,9.88684964392061,3191.5616083902323,1575.3597922118809,"(220, 208, 189)","(18, 36, 220)",0.6156510104090829,101642,/content/drive/MyDrive/datasCo/Imagenes_Scaner/PL_cropped/PL10_1.TIF,"(204, 193, 174)","(19, 38, 204)",101642
PL10_1.TIF,12,102.67015756250001,38.713569869378865,13.11103536904066,10.016521812227838,3440.763866115524,1118.6254847863013,"(214, 200, 177)","(19, 44, 214)",0.638778976720439,101849,/content/drive/MyDrive/datasCo/Imagenes_Scaner/PL_cropped/PL10_1.TIF,"(199, 186, 164)","(19, 45, 199)",101849
PL10_2.TIF,1,58.1621820625,28.95668033978769,9.520503322089041,7.809206549392148,1803.0308681560566,1853.3415082239978,"(207, 192, 167)","(19, 49, 207)",0.47477338509801204,57697,/content/drive/MyDrive/datasCo/Imagenes_Scaner/PL_cropped/PL10_2.TIF,"(192, 178, 152)","(20, 53, 192)",57697
PL10_2.TIF,2,87.114745125,36.03941352274365,12.620989256170622,8.815630788546898,1982.8442801268254,2339.3714388206163,"(218, 203, 180)","(18, 44, 218)",0.6562868846768034,86418,/content/drive/MyDrive/datasCo/Imagenes_Scaner/PL_cropped/PL10_2.TIF,"(206, 191, 169)","(18, 46, 206)",86418
PL10_2.TIF,3,86.8032538125,36.35823529303453,12.622386012143153,8.798860689825094,2249.560661487185,1415.646401653718,"(216, 203, 185)","(17, 37, 216)",0.4815872905271226,86109,/content/drive/MyDrive/datasCo/Imagenes_Scaner/PL_cropped/PL10_2.TIF,"(197, 185, 167)","(18, 39, 197)",86109
PL10_2.TIF,4,73.47162725,32.92526998216189,10.995997206838524,8.52884011052393,2276.146808627408,2321.6916195598487,"(214, 199, 177)","(18, 44, 214)",0.5814444871302343,72884,/content/drive/MyDrive/datasCo/Imagenes_Scaner/PL_cropped/PL10_2.TIF,"(198, 184, 162)","(18, 46, 198)",72884
PL10_2.TIF,5,93.564329,37.016894313663464,12.723118695756186,9.395879827893964,2420.6057684019997,2741.1229313911394,"(215, 202, 182)","(18, 39, 215)",0.5283464057921048,92816,/content/drive/MyDrive/datasCo/Imagenes_Scaner/PL_cropped/PL10_2.TIF,"(198, 186, 168)","(18, 39, 198)",92816
PL10_2.TIF,6,103.046164875,38.889983956037675,13.167158691774125,9.99221587586965,2652.7444581401264,720.241190741719,"(221, 208, 187)","(19, 39, 221)",0.6174630484085399,102222,/content/drive/MyDrive/datasCo/Imagenes_Scaner/PL_cropped/PL10_2.TIF,"(204, 192, 172)","(19, 40, 204)",102222
PL10_2.TIF,7,101.80826412500001,38.60516858877352,13.123071309456229,9.92889165649309,2772.247638473573,1518.7528070974513,"(215, 202, 180)","(19, 42, 215)",0.5768560508545062,100994,/content/drive/MyDrive/datasCo/Imagenes_Scaner/PL_cropped/PL10_2.TIF,"(199, 186, 166)","(18, 42, 199)",100994
PL10_2.TIF,8,98.288109875,38.15296474695749,12.9463379018097,9.715345209629277,3010.6758630592194,931.2706918832434,"(222, 209, 188)","(19, 39, 222)",0.5876316004243859,97502,/content/drive/MyDrive/datasCo/Imagenes_Scaner/PL_cropped/PL10_2.TIF,"(206, 195, 174)","(20, 40, 206)",97502
PL10_2.TIF,9,100.08447725,38.63598395603767,13.531616817566634,9.469670881301356,3157.9183654969584,2170.8001389952055,"(218, 206, 186)","(19, 37, 218)",0.5933383022440675,99284,/content/drive/MyDrive/datasCo/Imagenes_Scaner/PL_cropped/PL10_2.TIF,"(202, 191, 172)","(19, 38, 202)",99284
PL10_2.TIF,10,85.9111185,35.319671262767244,11.740413849963321,9.34142656758288,3529.1352670609217,2152.4874917863513,"(215, 201, 178)","(19, 44, 215)",0.6050760349197409,85224,/content/drive/MyDrive/datasCo/Imagenes_Scaner/PL_cropped/PL10_2.TIF,"(199, 186, 164)","(19, 45, 199)",85224
PL10_2.TIF,11,72.159129875,32.542400716690196,11.081675148904692,8.328411635124194,3566.0278142549805,763.3305579614987,"(214, 200, 180)","(18, 41, 214)",0.626372551758822,71582,/content/drive/MyDrive/datasCo/Imagenes_Scaner/PL_cropped/PL10_2.TIF,"(199, 186, 166)","(18, 42, 199)",71582
PL10_2.TIF,12,95.59658300000001,37.64045194090402,13.090994418078573,9.325715599460445,3713.025877340982,1180.9836658511895,"(218, 206, 184)","(19, 40, 218)",0.5864897924751139,94832,/content/drive/MyDrive/datasCo/Imagenes_Scaner/PL_cropped/PL10_2.TIF,"(201, 190, 170)","(19, 39, 201)",94832
PL11_1.TIF,1,246.79486931250003,63.54461947463826,23.77757189454311,13.392477536073901,1123.1295803873033,1700.6588078637044,"(72, 6, 8)","(179, 234, 72)",0.7289325670591984,244821,/content/drive/MyDrive/datasCo/Imagenes_Scaner/PL_cropped/PL11_1.TIF,"(87, 30, 27)","(2, 176, 87)",244821
PL11_1.TIF,2,266.5024911875,66.5264759340565,25.185522622597222,13.699557877458458,1687.0796078238536,2274.068063441149,"(65, 5, 9)","(178, 235, 65)",0.5909582227866089,264371,/content/drive/MyDrive/datasCo/Imagenes_Scaner/PL_cropped/PL11_1.TIF,"(84, 34, 34)","(0, 152, 84)",264371
PL11_1.TIF,3,284.5427776875,68.35917710187881,25.394181269098404,14.580942876930152,1972.5075584464355,712.5889459270833,"(73, 8, 10)","(179, 227, 73)",0.7668844546055259,282267,/content/drive/MyDrive/datasCo/Imagenes_Scaner/PL_cropped/PL11_1.TIF,"(96, 43, 40)","(2, 149, 96)",282267
PL11_1.TIF,4,818.250379625,223.85351688062855,60.79297034167638,26.506886343317,2273.0075803308096,1392.4518039782877,"(52, 13, 15)","(178, 191, 52)",0.6186498914280703,811706,/content/drive/MyDrive/datasCo/Imagenes_Scaner/PL_cropped/PL11_1.TIF,"(94, 64, 57)","(6, 100, 94)",811706
PL11_1.TIF,5,271.99340762500003,66.48950527519644,24.612236889631063,14.27388735773418,2320.9680858949364,2526.9532277312856,"(63, 15, 16)","(179, 194, 63)",0.6662308574758271,269818,/content/drive/MyDrive/datasCo/Imagenes_Scaner/PL_cropped/PL11_1.TIF,"(98, 61, 55)","(4, 112, 98)",269818
PL11_1.TIF,6,147.449301875,48.716528777224774,18.081632162873877,10.455794744807356,2805.9623162644425,613.7076775825528,"(78, 15, 11)","(2, 219, 78)",0.5003965269706707,146270,/content/drive/MyDrive/datasCo/Imagenes_Scaner/PL_cropped/PL11_1.TIF,"(109, 63, 52)","(6, 133, 109)",146270
PL11_1.TIF,7,235.46525487500003,61.947546367350526,23.06393364178631,13.160663560353534,3082.2872438800937,2115.131157366578,"(78, 18, 15)","(1, 206, 78)",0.5506627357142274,233582,/content/drive/MyDrive/datasCo/Imagenes_Scaner/PL_cropped/PL11_1.TIF,"(117, 76, 67)","(5, 109, 117)",233582
PL11_1.TIF,8,292.3270363125,69.20063228069172,25.48071608120156,14.911666663864777,3234.868808816886,1021.3468579842684,"(15, 14, 15)","(150, 17, 15)",0.7611323188120929,289989,/content/drive/MyDrive/datasCo/Imagenes_Scaner/PL_cropped/PL11_1.TIF,"(48, 42, 32)","(19, 85, 48)",289989
PL11_1.TIF,9,217.5237585,59.52265043473262,22.07561045393679,12.660149456118003,3909.9174869313756,1769.8410910910911,"(6, 3, 6)","(150, 128, 6)",0.5658945983020057,215784,/content/drive/MyDrive/datasCo/Imagenes_Scaner/PL_cropped/PL11_1.TIF,"(19, 16, 19)","(150, 40, 19)",215784
PL11_2.TIF,1,246.1779350625,63.253969531029774,23.611678231914993,13.451662327173697,1121.0194505526003,934.5132120437821,"(71, 7, 9)","(179, 230, 71)",0.6140273290501169,244209,/content/drive/MyDrive/datasCo/Imagenes_Scaner/PL_cropped/PL11_2.TIF,"(87, 33, 31)","(1, 164, 87)",244209
PL11_2.TIF,2,290.773612,69.36560399459108,25.47887571318916,14.833561401897327,1385.5305705014423,2776.092321666297,"(15, 16, 17)","(105, 30, 17)",0.762959008209452,288448,/content/drive/MyDrive/datasCo/Imagenes_Scaner/PL_cropped/PL11_2.TIF,"(48, 43, 34)","(19, 74, 48)",288448
PL11_2.TIF,3,257.37146106250003,64.44241830681595,24.00596079980215,13.82205191570562,1887.7898461887958,1859.5675425849838,"(30, 16, 17)","(178, 119, 30)",0.5188595593752131,255313,/content/drive/MyDrive/datasCo/Imagenes_Scaner/PL_cropped/PL11_2.TIF,"(91, 77, 65)","(14, 73, 91)",255313
PL11_2.TIF,4,147.5007130625,48.864223542020355,18.25795315974121,10.364988222139596,1974.8058310153704,1391.7829703186828,"(85, 21, 14)","(3, 213, 85)",0.6597207509516747,146321,/content/drive/MyDrive/datasCo/Imagenes_Scaner/PL_cropped/PL11_2.TIF,"(115, 67, 55)","(6, 133, 115)",146321
PL11_2.TIF,5,265.9299116875,66.73261039761782,25.330353572629253,13.59103124970054,2302.925436784267,2250.4041386944045,"(66, 4, 8)","(178, 240, 66)",0.6394299321535937,263803,/content/drive/MyDrive/datasCo/Imagenes_Scaner/PL_cropped/PL11_2.TIF,"(86, 35, 35)","(0, 151, 86)",263803
PL11_2.TIF,6,283.7060858125,68.26673100008637,25.23656391086227,14.632194089745544,2485.77847973081,588.5137561869974,"(73, 11, 14)","(179, 217, 73)",0.7679978112330645,281437,/content/drive/MyDrive/datasCo/Imagenes_Scaner/PL_cropped/PL11_2.TIF,"(96, 45, 43)","(1, 141, 96)",281437
PL11_2.TIF,7,164.2143893125,52.14552877722477,18.96780017348212,11.233939535502772,2672.061374699971,1211.911786913524,"(58, 13, 15)","(179, 198, 58)",0.5063197893198936,162901,/content/drive/MyDrive/datasCo/Imagenes_Scaner/PL_cropped/PL11_2.TIF,"(110, 81, 73)","(6, 86, 110)",162901
PL11_2.TIF,8,215.30602100000002,63.79939374974832,21.981582957501164,12.624478519574643,3140.750014045996,2043.7260047569107,"(7, 3, 7)","(150, 146, 7)",0.554119222413664,213584,/content/drive/MyDrive/datasCo/Imagenes_Scaner/PL_cropped/PL11_2.TIF,"(20, 16, 19)","(158, 51, 20)",213584
PL11_2.TIF,9,269.493412625,66.26126034122629,24.60636207227532,14.152218787161988,3326.424829242382,2872.2676349789404,"(63, 16, 18)","(179, 190, 63)",0.6565359208193373,267338,/content/drive/MyDrive/datasCo/Imagenes_Scaner/PL_cropped/PL11_2.TIF,"(98, 63, 58)","(4, 104, 98)",267338
PL11_2.TIF,10,619.8314216250001,151.47050147337242,35.43714486692998,25.819730567226088,3650.8168844348597,1127.7318751484045,"(67, 15, 16)","(179, 198, 67)",0.6910082390863819,614874,/content/drive/MyDrive/datasCo/Imagenes_Scaner/PL_cropped/PL11_2.TIF,"(96, 54, 49)","(3, 125, 96)",614874
PL12_1.TIF,1,102.7387058125,39.32864937969333,13.738739375798724,9.589478247849037,1928.6486945259378,1598.463828409392,"(214, 199, 172)","(19, 50, 214)",0.5853684861210593,101917,/content/drive/MyDrive/datasCo/Imagenes_Scaner/PL_cropped/PL12_1.TIF,"(199, 184, 158)","(19, 53, 199)",101917
PL12_1.TIF,2,188.0732125625,71.74459759156436,23.760820475847563,11.77462092059551,2119.920506622215,2319.0111165306134,"(217, 201, 175)","(19, 49, 217)",0.615299924669838,186569,/content/drive/MyDrive/datasCo/Imagenes_Scaner/PL_cropped/PL12_1.TIF,"(202, 187, 161)","(19, 52, 202)",186569
PL12_1.TIF,3,89.04417675,36.50889431366347,12.922081721429219,8.79817398242137,2332.5888466241,1274.2888873794323,"(211, 198, 175)","(19, 44, 211)",0.5481592174976226,88332,/content/drive/MyDrive/datasCo/Imagenes_Scaner/PL_cropped/PL12_1.TIF,"(192, 179, 157)","(19, 46, 192)",88332
PL12_1.TIF,4,275.75650493750004,104.379444410047,36.246863008862455,12.625125047068897,2531.8621427083067,2310.327631776159,"(216, 200, 174)","(19, 50, 216)",0.6198247822329328,273551,/content/drive/MyDrive/datasCo/Imagenes_Scaner/PL_cropped/PL12_1.TIF,"(200, 185, 160)","(19, 51, 200)",273551
PL12_1.TIF,5,85.42321625000001,35.58775717610844,12.023567255629214,9.163554496759922,2981.4211942412085,2530.3651404295492,"(216, 200, 175)","(18, 48, 216)",0.4913382109983479,84740,/content/drive/MyDrive/datasCo/Imagenes_Scaner/PL_cropped/PL12_1.TIF,"(197, 183, 158)","(19, 50, 197)",84740
PL12_1.TIF,6,116.5290008125,42.164359624536104,14.405121979279633,10.347392800180149,3148.580490843188,746.3387285137158,"(216, 205, 180)","(21, 43, 216)",0.567722345735616,115597,/content/drive/MyDrive/datasCo/Imagenes_Scaner/PL_cropped/PL12_1.TIF,"(195, 185, 161)","(21, 44, 195)",115597
PL12_1.TIF,7,176.0550914375,68.47660399459107,25.100183710437545,10.094760444543837,3219.507583869176,1677.8083562843908,"(210, 193, 165)","(19, 55, 210)",0.5622312435942215,174647,/content/drive/MyDrive/datasCo/Imagenes_Scaner/PL_cropped/PL12_1.TIF,"(192, 177, 149)","(20, 57, 192)",174647
PL12_1.TIF,8,93.56130481250001,37.37555706332541,12.746243434346473,9.425848496110694,3407.6736771788433,2517.79723745596,"(216, 200, 172)","(19, 52, 216)",0.5774191115468739,92813,/content/drive/MyDrive/datasCo/Imagenes_Scaner/PL_cropped/PL12_1.TIF,"(199, 184, 157)","(19, 54, 199)",92813
PL12_2.TIF,1,100.5229844375,38.798312129355274,13.27778628026704,9.7226052201387,1332.9822200383076,2118.459380860217,"(216, 202, 178)","(19, 45, 216)",0.6072965031739187,99719,/content/drive/MyDrive/datasCo/Imagenes_Scaner/PL_cropped/PL12_2.TIF,"(200, 188, 164)","(20, 46, 200)",99719
PL12_2.TIF,2,102.02398950000001,39.09060455850623,13.741170702136593,9.519381730294278,1452.4490455299976,1426.1683364951386,"(213, 198, 171)","(19, 50, 213)",0.5841731878902854,101208,/content/drive/MyDrive/datasCo/Imagenes_Scaner/PL_cropped/PL12_2.TIF,"(197, 183, 158)","(19, 50, 197)",101208
PL12_2.TIF,3,88.6419598125,36.55908267543232,12.831755844805254,8.829782465043605,1861.5223067562804,2767.5555138571412,"(209, 194, 169)","(19, 49, 209)",0.5701613728634302,87933,/content/drive/MyDrive/datasCo/Imagenes_Scaner/PL_cropped/PL12_2.TIF,"(193, 179, 155)","(19, 50, 193)",87933
PL12_2.TIF,4,92.2911460625,37.16007627240559,13.09870617456499,9.001445465364762,1983.5876814522735,2210.335368584317,"(211, 198, 176)","(19, 42, 211)",0.549889135254989,91553,/content/drive/MyDrive/datasCo/Imagenes_Scaner/PL_cropped/PL12_2.TIF,"(195, 182, 161)","(19, 44, 195)",91553
PL12_2.TIF,5,88.91716087500001,36.48259175245278,13.047995477395474,8.700301003830734,2203.8242183071447,995.8669818379702,"(211, 197, 175)","(18, 44, 211)",0.5344421014443462,88206,/content/drive/MyDrive/datasCo/Imagenes_Scaner/PL_cropped/PL12_2.TIF,"(191, 179, 157)","(19, 45, 191)",88206
PL12_2.TIF,6,95.76694556250001,37.787372430589556,13.162300634077965,9.291415705703171,2523.205050473153,2896.6968558225703,"(211, 196, 169)","(19, 51, 211)",0.5460574099220008,95001,/content/drive/MyDrive/datasCo/Imagenes_Scaner/PL_cropped/PL12_2.TIF,"(192, 178, 152)","(20, 53, 192)",95001
PL12_2.TIF,7,86.12986806250001,35.686585349426046,12.471693653824325,8.810035337463573,2921.2455846724642,2099.4047588394333,"(212, 199, 176)","(19, 43, 212)",0.5614751700003511,85441,/content/drive/MyDrive/datasCo/Imagenes_Scaner/PL_cropped/PL12_2.TIF,"(194, 183, 161)","(20, 43, 194)",85441
PL12_2.TIF,8,86.5129318125,35.64036229852982,12.06985052365563,9.17722953526437,3205.076811036926,1288.2154833898462,"(209, 194, 168)","(19, 50, 209)",0.5486419407837243,85821,/content/drive/MyDrive/datasCo/Imagenes_Scaner/PL_cropped/PL12_2.TIF,"(190, 175, 148)","(19, 56, 190)",85821
PL12_2.TIF,9,114.48767425000001,41.75518779785371,14.2886330115964,10.248150304785744,3250.604145387948,790.9632391786708,"(215, 200, 167)","(21, 57, 215)",0.5693568837389498,113572,/content/drive/MyDrive/datasCo/Imagenes_Scaner/PL_cropped/PL12_2.TIF,"(194, 181, 151)","(21, 57, 194)",113572
PL12_2.TIF,10,90.35163381250001,36.36516485974051,12.099701620525003,9.56231117684357,3582.4365886041346,1549.0783005500452,"(210, 196, 171)","(19, 47, 210)",0.5114416093005612,89629,/content/drive/MyDrive/datasCo/Imagenes_Scaner/PL_cropped/PL12_2.TIF,"(192, 178, 154)","(19, 50, 192)",89629
PL12_2.TIF,11,85.80527193750001,35.74766858877352,12.055326643066575,9.194516425760693,3631.187032272466,2888.4712931307936,"(212, 197, 173)","(18, 47, 212)",0.5011219586696273,85119,/content/drive/MyDrive/datasCo/Imagenes_Scaner/PL_cropped/PL12_2.TIF,"(192, 179, 156)","(19, 48, 192)",85119
PL12_2.TIF,12,92.90707225,37.519834012429186,12.932178028678836,9.217343809327181,4249.73725098737,2227.2124799270864,"(213, 198, 171)","(19, 50, 213)",0.5994531487348639,92164,/content/drive/MyDrive/datasCo/Imagenes_Scaner/PL_cropped/PL12_2.TIF,"(196, 183, 157)","(20, 51, 196)",92164
PL13_1.TIF,1,113.16812043750001,41.37550956814459,13.793790859515232,10.508016757077147,788.3926672189413,2021.4185706777835,"(213, 196, 162)","(20, 61, 213)",0.638411587076775,112263,/content/drive/MyDrive/datasCo/Imagenes_Scaner/PL_cropped/PL13_1.TIF,"(198, 183, 152)","(20, 59, 198)",112263
PL13_1.TIF,2,100.67016156250001,38.93675450211472,13.461198700059876,9.580361968867658,1458.4495168477445,1470.1402593501227,"(212, 193, 158)","(19, 65, 212)",0.5352726180343463,99865,/content/drive/MyDrive/datasCo/Imagenes_Scaner/PL_cropped/PL13_1.TIF,"(195, 179, 145)","(20, 65, 195)",99865
PL13_1.TIF,3,109.64695812500001,40.45756346635214,13.88843803457497,10.127094369640266,1684.5600992920843,987.1095522662499,"(211, 193, 160)","(19, 62, 211)",0.5634090282246943,108770,/content/drive/MyDrive/datasCo/Imagenes_Scaner/PL_cropped/PL13_1.TIF,"(196, 180, 148)","(20, 62, 196)",108770
PL13_1.TIF,4,107.1681324375,39.526305726328545,13.50321274064053,10.151778355940376,1733.5678810283036,2331.3796973031954,"(214, 196, 164)","(19, 60, 214)",0.5070782891704527,106311,/content/drive/MyDrive/datasCo/Imagenes_Scaner/PL_cropped/PL13_1.TIF,"(193, 177, 147)","(20, 61, 193)",106311
PL13_1.TIF,5,109.945344625,40.54285322150937,13.752993352742982,10.24540425522143,2173.2446316909027,2357.784387435131,"(214, 195, 159)","(20, 66, 214)",0.5803000018337521,109066,/content/drive/MyDrive/datasCo/Imagenes_Scaner/PL_cropped/PL13_1.TIF,"(198, 182, 147)","(21, 66, 198)",109066
PL13_1.TIF,6,102.58044000000001,38.972082675432326,13.593891845673323,9.651773834970875,2201.1568887578615,1028.264052672956,"(214, 196, 162)","(20, 62, 214)",0.5384237421383647,101760,/content/drive/MyDrive/datasCo/Imagenes_Scaner/PL_cropped/PL13_1.TIF,"(196, 179, 146)","(20, 65, 196)",101760
PL13_1.TIF,7,119.489680375,42.145760905141444,14.175007593361835,10.798752215583818,2835.865371960788,1304.6112001619788,"(212, 194, 161)","(19, 61, 212)",0.5229976209357653,118534,/content/drive/MyDrive/datasCo/Imagenes_Scaner/PL_cropped/PL13_1.TIF,"(196, 180, 148)","(20, 62, 196)",118534
PL13_1.TIF,8,100.29012200000001,39.5608596245361,14.000862003718776,9.17855420854931,2841.5289381633966,1800.952155033773,"(212, 195, 164)","(19, 58, 212)",0.5250884528787392,99488,/content/drive/MyDrive/datasCo/Imagenes_Scaner/PL_cropped/PL13_1.TIF,"(196, 181, 149)","(20, 61, 196)",99488
PL13_1.TIF,9,99.2870998125,38.6064903590644,13.02664098599742,9.741464772723138,3127.360360634766,2410.658899617232,"(211, 193, 158)","(20, 64, 211)",0.5423634166895109,98493,/content/drive/MyDrive/datasCo/Imagenes_Scaner/PL_cropped/PL13_1.TIF,"(196, 180, 147)","(20, 64, 196)",98493
PL13_1.TIF,10,106.96349575,39.52817499180025,13.292846603366295,10.313037956722843,3521.419374599465,1616.8218984430957,"(212, 195, 163)","(20, 59, 212)",0.5383571455498172,106108,/content/drive/MyDrive/datasCo/Imagenes_Scaner/PL_cropped/PL13_1.TIF,"(195, 180, 149)","(20, 60, 195)",106108
PL13_1.TIF,11,121.51891018750001,42.48318139482698,14.458522777992801,10.822426517278995,3556.1149427194373,873.7139373024629,"(211, 194, 161)","(20, 60, 211)",0.5741909794519979,120547,/content/drive/MyDrive/datasCo/Imagenes_Scaner/PL_cropped/PL13_1.TIF,"(196, 181, 150)","(20, 60, 196)",120547
PL13_2.TIF,1,110.60864975000001,40.71926730816817,13.773477139689149,10.288993634164527,1331.0778589916517,2569.859821005432,"(210, 192, 158)","(20, 63, 210)",0.5919215486128833,109724,/content/drive/MyDrive/datasCo/Imagenes_Scaner/PL_cropped/PL13_2.TIF,"(194, 179, 147)","(20, 62, 194)",109724
PL13_2.TIF,2,105.1016043125,39.31191992577038,13.444932629665013,10.001178448535379,1984.7865836698286,1477.6792856389254,"(214, 196, 164)","(19, 60, 214)",0.50159695379864,104261,/content/drive/MyDrive/datasCo/Imagenes_Scaner/PL_cropped/PL13_2.TIF,"(192, 177, 147)","(20, 60, 192)",104261
PL13_2.TIF,3,100.71451631250001,39.537200603907166,13.95578139007118,9.246905339759342,2053.1000010009107,859.2278973866219,"(214, 198, 165)","(20, 58, 214)",0.5114654335445256,99909,/content/drive/MyDrive/datasCo/Imagenes_Scaner/PL_cropped/PL13_2.TIF,"(198, 182, 149)","(20, 63, 198)",99909
PL13_2.TIF,4,220.41488175,75.91006930546372,27.624784674985605,11.94075091776303,2271.376470373013,2092.477548799005,"(214, 195, 160)","(19, 64, 214)",0.5882086603369738,218652,/content/drive/MyDrive/datasCo/Imagenes_Scaner/PL_cropped/PL13_2.TIF,"(200, 184, 150)","(20, 64, 200)",218652
PL13_2.TIF,5,222.41084550000002,80.4552192490722,25.69656491326845,13.016145971814966,2398.7573878675803,574.5337258421263,"(214, 196, 162)","(20, 62, 214)",0.6330038016324406,220632,/content/drive/MyDrive/datasCo/Imagenes_Scaner/PL_cropped/PL13_2.TIF,"(200, 184, 151)","(20, 62, 200)",220632
PL13_2.TIF,6,105.5391034375,39.470509568144585,13.16267747816643,10.286780345611236,2667.0633459095466,2765.771469506662,"(212, 196, 165)","(20, 57, 212)",0.515392330101724,104695,/content/drive/MyDrive/datasCo/Imagenes_Scaner/PL_cropped/PL13_2.TIF,"(193, 179, 149)","(20, 58, 193)",104695
PL13_2.TIF,7,92.21755750000001,36.84180199729554,12.591592456713732,9.341862888983332,2939.9880629645822,1951.3346305203322,"(211, 193, 157)","(20, 65, 211)",0.5346305203323131,91480,/content/drive/MyDrive/datasCo/Imagenes_Scaner/PL_cropped/PL13_2.TIF,"(195, 179, 145)","(20, 65, 195)",91480
PL13_2.TIF,8,120.04008250000001,42.19781853238201,14.162578399542152,10.857286559083082,3160.3735723883105,1270.2829694323143,"(211, 194, 161)","(20, 60, 211)",0.5285606315082297,119080,/content/drive/MyDrive/datasCo/Imagenes_Scaner/PL_cropped/PL13_2.TIF,"(195, 179, 148)","(20, 61, 195)",119080
PL13_2.TIF,9,100.60463750000001,38.83209175245277,13.464181822648012,9.570355503512369,3470.4913226452904,2051.402965931864,"(211, 193, 158)","(20, 64, 211)",0.5575450901803607,99800,/content/drive/MyDrive/datasCo/Imagenes_Scaner/PL_cropped/PL13_2.TIF,"(195, 178, 144)","(20, 67, 195)",99800
PL13_2.TIF,10,102.75483481250001,39.04702504819177,13.516229637606234,9.723582695425511,3622.1158506077522,1230.1546898452905,"(213, 196, 162)","(20, 61, 213)",0.5474478333807501,101933,/content/drive/MyDrive/datasCo/Imagenes_Scaner/PL_cropped/PL13_2.TIF,"(195, 178, 145)","(20, 65, 195)",101933
PL14_1.TIF,1,161.683144375,51.40983133843546,19.136500225212355,10.83768241060307,1095.295298958788,1768.083845626286,"(49, 5, 9)","(177, 229, 49)",0.5586071450838581,160390,/content/drive/MyDrive/datasCo/Imagenes_Scaner/PL_cropped/PL14_1.TIF,"(89, 57, 52)","(4, 106, 89)",160390
PL14_1.TIF,2,260.380527625,65.9249348419024,25.110271619429298,13.294718547863823,1649.3330455520368,993.0258383727323,"(72, 2, 3)","(0, 248, 72)",0.5792147054952033,258298,/content/drive/MyDrive/datasCo/Imagenes_Scaner/PL_cropped/PL14_1.TIF,"(94, 32, 25)","(3, 187, 94)",258298
PL14_1.TIF,3,246.2424510625,62.78020271398574,23.24163856543756,13.631316208099136,1738.6544890348093,2587.871434829064,"(62, 4, 7)","(178, 239, 62)",0.5892193165459318,244273,/content/drive/MyDrive/datasCo/Imagenes_Scaner/PL_cropped/PL14_1.TIF,"(78, 32, 31)","(1, 154, 78)",244273
PL14_1.TIF,4,188.84942068750001,56.010229945047094,20.445905000776577,12.053608904276352,2018.102669492204,1744.1102012928434,"(68, 5, 6)","(0, 236, 68)",0.6886393116222463,187339,/content/drive/MyDrive/datasCo/Imagenes_Scaner/PL_cropped/PL14_1.TIF,"(82, 23, 19)","(2, 196, 82)",187339
PL14_1.TIF,5,211.75461681250002,58.658310510400845,22.150478276097523,12.216357051771196,2075.6847963210685,3083.687833534069,"(50, 5, 8)","(178, 230, 50)",0.6835597980794778,210061,/content/drive/MyDrive/datasCo/Imagenes_Scaner/PL_cropped/PL14_1.TIF,"(74, 38, 35)","(2, 134, 74)",210061
PL14_1.TIF,6,166.836359875,52.69172727105337,19.541916304980862,11.040354546304982,2462.5228577298158,1268.9940242413988,"(66, 2, 5)","(179, 247, 66)",0.7974351886350252,165502,/content/drive/MyDrive/datasCo/Imagenes_Scaner/PL_cropped/PL14_1.TIF,"(76, 18, 18)","(0, 195, 76)",165502
PL14_1.TIF,7,202.2122971875,57.53500422015714,21.549374800272215,12.028496763125913,2622.060789152272,2588.920506493183,"(54, 3, 8)","(177, 241, 54)",0.6758094668361624,200595,/content/drive/MyDrive/datasCo/Imagenes_Scaner/PL_cropped/PL14_1.TIF,"(66, 21, 22)","(179, 174, 66)",200595
PL14_1.TIF,8,158.72145675000002,50.634292920275094,18.9147564105413,10.821150368173287,2818.138054772248,1677.519536112593,"(56, 2, 6)","(178, 246, 56)",0.7350303584584509,157452,/content/drive/MyDrive/datasCo/Imagenes_Scaner/PL_cropped/PL14_1.TIF,"(62, 10, 13)","(178, 214, 62)",157452
PL14_1.TIF,9,173.61356406250002,52.70262214863199,19.71395068834759,11.32618719867605,2945.0153984613153,742.0196138771955,"(62, 3, 6)","(178, 243, 62)",0.7674031064015097,172225,/content/drive/MyDrive/datasCo/Imagenes_Scaner/PL_cropped/PL14_1.TIF,"(72, 19, 19)","(0, 188, 72)",172225
PL14_1.TIF,10,200.96028356250002,58.07591563282223,21.973927518993214,11.798595262163147,3409.7215140981075,1218.6923046053985,"(53, 4, 7)","(178, 236, 53)",0.707653532303546,199353,/content/drive/MyDrive/datasCo/Imagenes_Scaner/PL_cropped/PL14_1.TIF,"(74, 30, 27)","(2, 162, 74)",199353
PL14_1.TIF,11,221.47737962500003,60.037486066116244,22.55873406663986,12.584257499262021,3420.2339080407455,2056.4826859530463,"(68, 3, 6)","(179, 244, 68)",0.66273110429392,219706,/content/drive/MyDrive/datasCo/Imagenes_Scaner/PL_cropped/PL14_1.TIF,"(81, 25, 24)","(1, 179, 81)",219706
PL14_1.TIF,12,189.25970212500002,56.586015971171314,21.840635882764918,11.140635086209702,4238.660019387897,2487.8049172818596,"(73, 5, 6)","(0, 238, 73)",0.7634942954843246,187746,/content/drive/MyDrive/datasCo/Imagenes_Scaner/PL_cropped/PL14_1.TIF,"(78, 13, 12)","(0, 216, 78)",187746
PL14_2.TIF,1,404.73507762500003,104.67305860948883,36.728244386812065,15.790295120789494,958.815672805344,2441.5070336589474,"(59, 3, 7)","(178, 242, 59)",0.6116568451150441,401498,/content/drive/MyDrive/datasCo/Imagenes_Scaner/PL_cropped/PL14_2.TIF,"(81, 36, 34)","(1, 148, 81)",401498
PL14_2.TIF,2,192.5883245,57.605433786863124,21.8508948404153,11.34322983751934,1291.8853272476026,1111.1731920773836,"(75, 5, 6)","(0, 238, 75)",0.6970499560319919,191048,/content/drive/MyDrive/datasCo/Imagenes_Scaner/PL_cropped/PL14_2.TIF,"(81, 15, 14)","(0, 211, 81)",191048
PL14_2.TIF,3,164.7335415,52.26614670569962,19.603180013295002,10.882295050089164,1914.776784402996,861.004956674989,"(64, 2, 5)","(179, 247, 64)",0.7509546188867675,163416,/content/drive/MyDrive/datasCo/Imagenes_Scaner/PL_cropped/PL14_2.TIF,"(73, 17, 17)","(0, 196, 73)",163416
PL14_2.TIF,4,220.45218006250002,60.279042638317506,22.5657368495754,12.525673865653633,2071.5963582987715,1988.377380663865,"(70, 3, 6)","(179, 244, 70)",0.7425019091037958,218689,/content/drive/MyDrive/datasCo/Imagenes_Scaner/PL_cropped/PL14_2.TIF,"(81, 23, 22)","(1, 186, 81)",218689
PL14_2.TIF,5,414.6957431875,106.45128538941806,31.031110617655724,19.49024411720574,2165.175497533904,2870.7177007090786,"(51, 5, 10)","(177, 230, 51)",0.6080694444782062,411379,/content/drive/MyDrive/datasCo/Imagenes_Scaner/PL_cropped/PL14_2.TIF,"(71, 34, 33)","(1, 136, 71)",411379
PL14_2.TIF,6,189.69921737500002,56.194574653451156,20.566638364975073,12.048825919169824,2847.837960059942,1431.583780595381,"(67, 4, 5)","(0, 240, 67)",0.6875737318128196,188182,/content/drive/MyDrive/datasCo/Imagenes_Scaner/PL_cropped/PL14_2.TIF,"(81, 22, 18)","(2, 198, 81)",188182
PL14_2.TIF,7,173.65892687500002,52.89950422015714,19.796410938776482,11.28948694617126,3166.745486735938,597.9116154873165,"(60, 3, 7)","(178, 242, 60)",0.7712195971440181,172270,/content/drive/MyDrive/datasCo/Imagenes_Scaner/PL_cropped/PL14_2.TIF,"(74, 22, 23)","(179, 179, 74)",172270
PL14_2.TIF,8,157.296056375,50.64915310872634,18.825186248525878,10.767315163119106,3393.9191671259564,3004.4350991425167,"(55, 2, 7)","(177, 246, 55)",0.7340904138735437,156038,/content/drive/MyDrive/datasCo/Imagenes_Scaner/PL_cropped/PL14_2.TIF,"(61, 10, 14)","(178, 213, 61)",156038
PL14_2.TIF,9,263.8694319375,66.0181552188049,24.881935804801728,13.60140046680179,3575.325180796076,2084.374695807976,"(71, 3, 5)","(179, 244, 71)",0.5651267005145955,261759,/content/drive/MyDrive/datasCo/Imagenes_Scaner/PL_cropped/PL14_2.TIF,"(94, 34, 27)","(3, 182, 94)",261759
PL14_2.TIF,10,199.22641606250002,57.720991414103686,21.432258814585786,12.006516550610712,3687.3156406065787,1382.8349617725785,"(53, 5, 8)","(178, 231, 53)",0.7031265021529806,197633,/content/drive/MyDrive/datasCo/Imagenes_Scaner/PL_cropped/PL14_2.TIF,"(73, 31, 28)","(2, 157, 73)",197633
PL15_1.TIF,1,97.70444168750001,37.90931212935528,12.740481116279316,9.844797241811333,1504.6487314672472,2145.7670418786047,"(219, 205, 175)","(20, 51, 219)",0.5689568007593657,96923,/content/drive/MyDrive/datasCo/Imagenes_Scaner/PL_cropped/PL15_1.TIF,"(205, 192, 164)","(20, 51, 205)",96923
PL15_1.TIF,2,85.80527193750001,35.93420327790089,12.650615427133278,8.668750895874698,2022.7953923330865,1788.0627944407242,"(214, 203, 184)","(19, 36, 214)",0.5943796332193753,85119,/content/drive/MyDrive/datasCo/Imagenes_Scaner/PL_cropped/PL15_1.TIF,"(196, 186, 166)","(20, 39, 196)",85119
PL15_1.TIF,3,112.725581,41.30749676209113,14.364003796751362,10.04700729966933,2065.155440692517,2366.8036289168695,"(216, 201, 175)","(19, 48, 216)",0.5662022463871799,111824,/content/drive/MyDrive/datasCo/Imagenes_Scaner/PL_cropped/PL15_1.TIF,"(199, 184, 159)","(19, 51, 199)",111824
PL15_1.TIF,4,220.44814781250003,77.30893857093541,29.12572075110754,10.840530941878082,2574.256259002675,2470.3111918970208,"(221, 207, 182)","(19, 45, 221)",0.5803817026546351,218685,/content/drive/MyDrive/datasCo/Imagenes_Scaner/PL_cropped/PL15_1.TIF,"(205, 192, 167)","(20, 47, 205)",218685
PL15_1.TIF,5,80.81939481250001,34.78746474695748,12.051564843981518,8.581849208923007,2690.018322876779,1445.8376011874323,"(213, 198, 167)","(20, 55, 213)",0.6002644281740735,80173,/content/drive/MyDrive/datasCo/Imagenes_Scaner/PL_cropped/PL15_1.TIF,"(199, 185, 156)","(20, 55, 199)",80173
PL15_1.TIF,6,100.03810637500001,39.60389163966974,13.453267073159333,9.564493507088303,2838.245641790443,2116.004907394345,"(218, 203, 172)","(20, 54, 218)",0.5805388892771217,99238,/content/drive/MyDrive/datasCo/Imagenes_Scaner/PL_cropped/PL15_1.TIF,"(204, 190, 160)","(20, 55, 204)",99238
PL15_1.TIF,7,80.83955606250001,34.68840979371065,11.855346308803073,8.714181408801682,3055.3774020176324,1234.91767361241,"(215, 202, 178)","(19, 44, 215)",0.4611221023554444,80193,/content/drive/MyDrive/datasCo/Imagenes_Scaner/PL_cropped/PL15_1.TIF,"(191, 178, 151)","(20, 53, 191)",80193
PL15_1.TIF,8,120.37979956250001,42.690410848749934,14.848863334925966,10.35656296845001,3163.6778431881557,857.7132652804877,"(217, 203, 178)","(19, 46, 217)",0.5421633517280472,119417,/content/drive/MyDrive/datasCo/Imagenes_Scaner/PL_cropped/PL15_1.TIF,"(200, 186, 162)","(19, 48, 200)",119417
PL15_1.TIF,9,99.3153255625,38.59030840032227,13.370292180650992,9.52604885606281,3358.307528344211,2477.0176003085635,"(216, 204, 178)","(21, 45, 216)",0.5669045178185361,98521,/content/drive/MyDrive/datasCo/Imagenes_Scaner/PL_cropped/PL15_1.TIF,"(199, 187, 163)","(20, 46, 199)",98521
PL15_1.TIF,10,100.08548531250001,38.60307254337258,12.980886311816302,9.922558166086953,3439.1333836934077,1602.8833056352923,"(217, 204, 181)","(19, 42, 217)",0.5721911668429269,99285,/content/drive/MyDrive/datasCo/Imagenes_Scaner/PL_cropped/PL15_1.TIF,"(199, 186, 161)","(20, 49, 199)",99285
PL15_1.TIF,11,113.9947316875,42.47757359841188,14.669385625777942,10.036824042550089,3538.7305076801995,2120.506654404287,"(219, 207, 185)","(19, 40, 219)",0.5712706596040077,113083,/content/drive/MyDrive/datasCo/Imagenes_Scaner/PL_cropped/PL15_1.TIF,"(201, 188, 166)","(19, 44, 201)",113083
PL15_2.TIF,1,81.622820625,34.943731564001524,11.776800050033973,8.861119041245875,1429.9096455477338,2327.593207360751,"(208, 197, 172)","(21, 44, 208)",0.44882055082129185,80970,/content/drive/MyDrive/datasCo/Imagenes_Scaner/PL_cropped/PL15_2.TIF,"(184, 171, 144)","(20, 55, 184)",80970
PL15_2.TIF,2,118.38282775,42.57034041545592,15.447415859968464,9.806273152622701,1780.629364079158,499.7566844919786,"(218, 204, 182)","(18, 42, 218)",0.5473875131986784,117436,/content/drive/MyDrive/datasCo/Imagenes_Scaner/PL_cropped/PL15_2.TIF,"(200, 188, 166)","(19, 43, 200)",117436
PL15_2.TIF,3,97.796175375,38.00153145121849,12.68600813088873,9.894563921043693,1802.4389778794814,1517.7523037912053,"(218, 204, 174)","(20, 51, 218)",0.5711856020780506,97014,/content/drive/MyDrive/datasCo/Imagenes_Scaner/PL_cropped/PL15_2.TIF,"(204, 192, 164)","(21, 50, 204)",97014
PL15_2.TIF,4,99.44838981250001,39.54996474695748,13.455784955167509,9.504475094982293,2368.5259647451167,1709.1291090995712,"(216, 202, 172)","(20, 52, 216)",0.5537185893992074,98653,/content/drive/MyDrive/datasCo/Imagenes_Scaner/PL_cropped/PL15_2.TIF,"(201, 188, 160)","(20, 52, 201)",98653
PL15_2.TIF,5,112.150985375,41.197773711194905,14.364272345745286,9.995489258331208,2467.109164614306,2480.1871213619283,"(213, 199, 175)","(19, 45, 213)",0.5410771747532673,111254,/content/drive/MyDrive/datasCo/Imagenes_Scaner/PL_cropped/PL15_2.TIF,"(195, 182, 158)","(19, 48, 195)",111254
PL15_2.TIF,6,81.09963618750001,34.82575717610844,11.94477491653632,8.690385235737116,2675.214043330723,1135.7248760114853,"(212, 197, 166)","(20, 55, 212)",0.5775316652372251,80451,/content/drive/MyDrive/datasCo/Imagenes_Scaner/PL_cropped/PL15_2.TIF,"(196, 183, 154)","(21, 55, 196)",80451
PL15_2.TIF,7,85.28107943750001,35.77957894639932,12.540128015208069,8.689079297529274,2737.2889750469863,169.5979148689701,"(213, 203, 185)","(19, 34, 213)",0.5730800600479911,84599,/content/drive/MyDrive/datasCo/Imagenes_Scaner/PL_cropped/PL15_2.TIF,"(193, 184, 165)","(20, 37, 193)",84599
PL15_2.TIF,8,100.76491943750001,39.438919925770385,13.663833335053802,9.45169909766619,2764.539541211897,1973.253784051461,"(219, 207, 185)","(19, 40, 219)",0.4951129963284947,99959,/content/drive/MyDrive/datasCo/Imagenes_Scaner/PL_cropped/PL15_2.TIF,"(200, 188, 166)","(19, 43, 200)",99959
PL15_2.TIF,9,118.86669775,42.274856950542386,14.872580104243234,10.216862651588345,3233.3483242308084,917.3675158587469,"(217, 202, 179)","(18, 45, 217)",0.6065843481800604,117916,/content/drive/MyDrive/datasCo/Imagenes_Scaner/PL_cropped/PL15_2.TIF,"(202, 189, 166)","(19, 45, 202)",117916
PL15_2.TIF,10,97.558272625,38.50447114998422,13.43061152417941,9.322327341657207,3537.458926615553,2636.052429271115,"(214, 202, 178)","(20, 43, 214)",0.570553224906487,96778,/content/drive/MyDrive/datasCo/Imagenes_Scaner/PL_cropped/PL15_2.TIF,"(196, 186, 163)","(21, 43, 196)",96778
PL15_2.TIF,11,112.8777984375,42.16645566993703,14.56869470932854,10.009878317711058,3633.8524402768476,1633.467711542755,"(218, 206, 186)","(19, 37, 218)",0.5664657289573566,111975,/content/drive/MyDrive/datasCo/Imagenes_Scaner/PL_cropped/PL15_2.TIF,"(199, 188, 166)","(20, 42, 199)",111975
PL15_2.TIF,12,101.26895068750001,39.07784041545591,13.063367859413313,9.966493967971047,3824.717616141909,2039.3937924924596,"(217, 203, 180)","(19, 43, 217)",0.5748315233080162,100459,/content/drive/MyDrive/datasCo/Imagenes_Scaner/PL_cropped/PL15_2.TIF,"(198, 185, 161)","(19, 48, 198)",100459
PL16_1.TIF,1,109.7024015625,40.46152877722477,14.147997825090776,9.90771068483343,1574.2474707098552,2039.91637031932,"(216, 199, 168)","(19, 57, 216)",0.5815667355846542,108825,/content/drive/MyDrive/datasCo/Imagenes_Scaner/PL_cropped/PL16_1.TIF,"(200, 184, 154)","(20, 59, 200)",108825
PL16_1.TIF,2,91.9584854375,36.91751864516503,13.059164990926586,8.993229529826815,1596.806211152889,996.5800181971651,"(215, 199, 170)","(19, 53, 215)",0.5659099130701687,91223,/content/drive/MyDrive/datasCo/Imagenes_Scaner/PL_cropped/PL16_1.TIF,"(197, 184, 157)","(20, 52, 197)",91223
PL16_1.TIF,3,120.32032387500001,42.3845800014386,14.321369035044166,10.811250694085526,2265.232443573116,2660.062299971514,"(218, 203, 177)","(19, 48, 218)",0.5718845825164631,119358,/content/drive/MyDrive/datasCo/Imagenes_Scaner/PL_cropped/PL16_1.TIF,"(202, 188, 162)","(20, 50, 202)",119358
PL16_1.TIF,4,337.41968806250003,117.0757058791036,37.68054713868708,14.356456441355828,2339.5431269624555,1924.4915526662503,"(220, 201, 167)","(19, 61, 220)",0.6302562432593115,334721,/content/drive/MyDrive/datasCo/Imagenes_Scaner/PL_cropped/PL16_1.TIF,"(206, 188, 155)","(19, 63, 206)",334721
PL16_1.TIF,5,103.13487437500001,39.81221608395434,13.287102041487486,9.979816075035105,2557.6302707457726,1151.591887401036,"(217, 201, 173)","(19, 52, 217)",0.5394585084546966,102310,/content/drive/MyDrive/datasCo/Imagenes_Scaner/PL_cropped/PL16_1.TIF,"(199, 184, 157)","(19, 54, 199)",102310
PL16_1.TIF,6,102.8516088125,39.256123767586416,13.402385944950751,9.902817069809862,2782.663438826216,2040.7045741896911,"(218, 201, 169)","(20, 57, 218)",0.5804722186829235,102029,/content/drive/MyDrive/datasCo/Imagenes_Scaner/PL_cropped/PL16_1.TIF,"(204, 188, 156)","(20, 60, 204)",102029
PL16_1.TIF,7,83.888945125,35.85420060390717,12.85818612288823,8.364036878187708,3095.312576606023,1287.407003292557,"(213, 197, 165)","(20, 57, 213)",0.6073685981398255,83218,/content/drive/MyDrive/datasCo/Imagenes_Scaner/PL_cropped/PL16_1.TIF,"(196, 182, 152)","(20, 57, 196)",83218
PL16_1.TIF,8,79.43129275000001,34.54171608395435,11.909944868878938,8.506940857837302,3270.5533529620793,2823.11888928372,"(207, 186, 151)","(19, 69, 207)",0.5238971521397026,78796,/content/drive/MyDrive/datasCo/Imagenes_Scaner/PL_cropped/PL16_1.TIF,"(189, 170, 137)","(19, 70, 189)",78796
PL16_1.TIF,9,108.23567062500001,40.38371608395435,13.855455386969707,10.030432434049965,3337.4345068454877,1868.853385489429,"(218, 201, 174)","(18, 51, 218)",0.5141752817360529,107370,/content/drive/MyDrive/datasCo/Imagenes_Scaner/PL_cropped/PL16_1.TIF,"(197, 182, 153)","(20, 57, 197)",107370
PL16_1.TIF,10,119.00581037500001,41.9541659147798,14.195432033440309,10.788746824660647,3783.72584579938,288.02131228082067,"(218, 204, 170)","(21, 56, 218)",0.5902214240940586,118054,/content/drive/MyDrive/datasCo/Imagenes_Scaner/PL_cropped/PL16_1.TIF,"(203, 190, 158)","(21, 57, 203)",118054
PL16_2.TIF,1,105.0239835,39.49020327790088,13.383685361809063,10.126686801432092,581.480054518928,1793.5542309759655,"(214, 198, 168)","(20, 55, 214)",0.5837364662520157,104184,/content/drive/MyDrive/datasCo/Imagenes_Scaner/PL_cropped/PL16_2.TIF,"(199, 184, 156)","(20, 55, 199)",104184
PL16_2.TIF,2,94.48267393750001,37.45369047184743,13.09139433443675,9.219672812622491,1483.8170111067247,2036.105113787916,"(216, 200, 171)","(19, 53, 216)",0.5946782704911057,93727,/content/drive/MyDrive/datasCo/Imagenes_Scaner/PL_cropped/PL16_2.TIF,"(200, 186, 158)","(20, 54, 200)",93727
PL16_2.TIF,3,219.2304083125,70.82213868371845,22.44123947987754,13.438769246493749,1839.5568129043531,1642.6948780790613,"(219, 202, 170)","(20, 57, 219)",0.6374351381394491,217477,/content/drive/MyDrive/datasCo/Imagenes_Scaner/PL_cropped/PL16_2.TIF,"(205, 189, 157)","(20, 60, 205)",217477
PL16_2.TIF,4,120.00278418750001,42.33042632879711,14.268511564328376,10.803143900525365,2072.1551036180203,2838.343220516956,"(215, 199, 173)","(19, 50, 215)",0.5636453689945518,119043,/content/drive/MyDrive/datasCo/Imagenes_Scaner/PL_cropped/PL16_2.TIF,"(197, 183, 157)","(20, 52, 197)",119043
PL16_2.TIF,5,110.7568349375,40.88852504819176,14.219233824731727,9.950564858051155,2268.685613128123,2527.596135467958,"(216, 198, 165)","(19, 60, 216)",0.6012955545665826,109871,/content/drive/MyDrive/datasCo/Imagenes_Scaner/PL_cropped/PL16_2.TIF,"(201, 183, 151)","(19, 63, 201)",109871
PL16_2.TIF,6,83.7165664375,35.83140979371065,12.895337550655512,8.323509309378219,2511.8294218936267,2253.8329740990043,"(215, 199, 166)","(20, 58, 215)",0.6155092291501614,83047,/content/drive/MyDrive/datasCo/Imagenes_Scaner/PL_cropped/PL16_2.TIF,"(201, 185, 153)","(20, 61, 201)",83047
PL16_2.TIF,7,115.2658985,41.29021981298735,14.49979158131445,10.163601419152862,2750.994376617925,967.4483488420906,"(216, 197, 164)","(19, 61, 216)",0.6010109843979571,114344,/content/drive/MyDrive/datasCo/Imagenes_Scaner/PL_cropped/PL16_2.TIF,"(199, 183, 150)","(20, 63, 199)",114344
PL16_2.TIF,8,79.126857875,34.624362298529824,11.965428187631122,8.435335312931986,2777.676204550666,2501.570349326063,"(211, 188, 152)","(18, 71, 211)",0.576621860045949,78494,/content/drive/MyDrive/datasCo/Imagenes_Scaner/PL_cropped/PL16_2.TIF,"(195, 174, 139)","(19, 73, 195)",78494
PL16_2.TIF,9,107.7427280625,40.301069869378864,13.746636473401644,10.066450087914438,3047.6681449462485,2111.821886022773,"(219, 203, 177)","(19, 49, 219)",0.5890008514141896,106881,/content/drive/MyDrive/datasCo/Imagenes_Scaner/PL_cropped/PL16_2.TIF,"(201, 186, 159)","(19, 53, 201)",106881
PL16_2.TIF,10,102.36773881250001,39.517280114221634,13.33951123312936,9.878729378046176,3217.745876374952,1456.510128115491,"(218, 201, 172)","(19, 54, 218)",0.604959182266689,101549,/content/drive/MyDrive/datasCo/Imagenes_Scaner/PL_cropped/PL16_2.TIF,"(202, 186, 157)","(19, 57, 202)",101549
PL16_2.TIF,11,119.56528506250001,42.37423261904081,14.185436054603468,10.835135924090018,3603.8244399666128,1713.4918935325313,"(219, 204, 170)","(21, 57, 219)",0.6052660422059034,118609,/content/drive/MyDrive/datasCo/Imagenes_Scaner/PL_cropped/PL16_2.TIF,"(205, 191, 158)","(21, 58, 205)",118609
PL17_1.TIF,1,101.925199375,39.1779903590644,13.769933506182765,9.478156853816664,1800.567718326575,1455.3902482444862,"(213, 195, 160)","(20, 63, 213)",0.5976263475422807,101110,/content/drive/MyDrive/datasCo/Imagenes_Scaner/PL_cropped/PL17_1.TIF,"(198, 183, 150)","(21, 62, 198)",101110
PL17_1.TIF,2,120.598549125,42.62636335356911,14.87258159104954,10.42149335741993,2207.684445893308,1218.7166942507984,"(214, 197, 162)","(20, 62, 214)",0.6123927980340037,119634,/content/drive/MyDrive/datasCo/Imagenes_Scaner/PL_cropped/PL17_1.TIF,"(200, 184, 150)","(20, 64, 200)",119634
PL17_1.TIF,3,107.9241793125,40.59997114998421,13.79151381658309,10.085767363598926,2509.5978554282137,2194.03665200213,"(210, 192, 161)","(19, 60, 210)",0.4490057070268352,107061,/content/drive/MyDrive/datasCo/Imagenes_Scaner/PL_cropped/PL17_1.TIF,"(191, 171, 137)","(19, 72, 191)",107061
PL17_1.TIF,4,104.55624250000001,39.86108267543232,13.783554206906896,9.757551572645863,2614.313276128037,1816.9802448900887,"(219, 203, 169)","(20, 58, 219)",0.5683956806787505,103720,/content/drive/MyDrive/datasCo/Imagenes_Scaner/PL_cropped/PL17_1.TIF,"(206, 191, 158)","(21, 59, 206)",103720
PL17_1.TIF,5,109.6701435625,40.65202877722477,14.100119535477658,9.939048505332066,3057.7944628790456,1499.296241486125,"(211, 195, 164)","(20, 57, 211)",0.5882731425735112,108793,/content/drive/MyDrive/datasCo/Imagenes_Scaner/PL_cropped/PL17_1.TIF,"(195, 180, 150)","(20, 59, 195)",108793
PL17_2.TIF,1,102.25786000000001,39.14453145121849,13.753459182402752,9.510469854280965,1919.4994479495267,1236.744045741325,"(214, 197, 163)","(20, 61, 214)",0.6123422712933754,101440,/content/drive/MyDrive/datasCo/Imagenes_Scaner/PL_cropped/PL17_2.TIF,"(199, 184, 152)","(20, 60, 199)",101440
PL17_2.TIF,2,108.0874854375,40.40947114998421,13.772197634614606,10.114744363767361,2213.171446424741,2055.536965016834,"(211, 193, 160)","(19, 62, 211)",0.518069817110135,107223,/content/drive/MyDrive/datasCo/Imagenes_Scaner/PL_cropped/PL17_2.TIF,"(194, 178, 147)","(20, 62, 194)",107223
PL17_2.TIF,3,120.64996031250001,42.68986335356911,14.893521034170666,10.402828934997471,2398.5342941889126,1180.8188327693529,"(213, 195, 160)","(20, 63, 213)",0.5966161173079333,119685,/content/drive/MyDrive/datasCo/Imagenes_Scaner/PL_cropped/PL17_2.TIF,"(198, 181, 148)","(20, 64, 198)",119685
PL17_2.TIF,4,104.1298320625,39.69743273182384,13.717441660039528,9.755044919170205,3047.6102403748414,1858.922350116654,"(217, 203, 171)","(21, 54, 217)",0.6166393990144922,103297,/content/drive/MyDrive/datasCo/Imagenes_Scaner/PL_cropped/PL17_2.TIF,"(203, 190, 160)","(21, 54, 203)",103297
PL17_2.TIF,5,110.876794375,40.49289163966975,14.032099885288694,10.104349952527118,3076.1109646331483,893.4279207200655,"(212, 195, 164)","(19, 58, 212)",0.6244931357396127,109990,/content/drive/MyDrive/datasCo/Imagenes_Scaner/PL_cropped/PL17_2.TIF,"(196, 181, 151)","(20, 59, 196)",109990
PL18_1.TIF,1,81.50689343750001,35.086139247633604,12.386811942104451,8.460381409434751,1281.691336342836,186.2198503493909,"(212, 198, 166)","(21, 55, 212)",0.596116504854369,80855,/content/drive/MyDrive/datasCo/Imagenes_Scaner/PL_cropped/PL18_1.TIF,"(198, 186, 156)","(21, 54, 198)",80855
PL18_1.TIF,2,98.09960218750001,38.58470060390717,13.70520964310877,9.165563120521249,1452.1985202692288,2408.639223141345,"(213, 197, 169)","(19, 53, 213)",0.571782356265735,97315,/content/drive/MyDrive/datasCo/Imagenes_Scaner/PL_cropped/PL18_1.TIF,"(196, 182, 155)","(20, 53, 196)",97315
PL18_1.TIF,3,119.57536568750001,42.62691084874993,14.68178549861434,10.425625004012005,1596.5501563830414,1511.8657972162976,"(219, 202, 169)","(20, 58, 219)",0.5310447736028798,118619,/content/drive/MyDrive/datasCo/Imagenes_Scaner/PL_cropped/PL18_1.TIF,"(202, 186, 153)","(20, 62, 202)",118619
PL18_1.TIF,4,118.112667,42.10933774146219,14.768472946204886,10.233489208647464,1945.391412331012,2333.3760156356684,"(213, 197, 167)","(20, 55, 213)",0.6082804178615322,117168,/content/drive/MyDrive/datasCo/Imagenes_Scaner/PL_cropped/PL18_1.TIF,"(197, 183, 154)","(20, 56, 197)",117168
PL18_1.TIF,5,93.2971924375,37.559448211871015,13.156673938965035,9.060651278576744,2191.5595725599937,3038.320320688053,"(212, 194, 165)","(19, 57, 212)",0.6346554872448704,92551,/content/drive/MyDrive/datasCo/Imagenes_Scaner/PL_cropped/PL18_1.TIF,"(196, 181, 152)","(20, 57, 196)",92551
PL18_1.TIF,6,322.537661375,109.31439318583317,33.99295847733766,14.609450025846733,2247.6283012145345,1642.7035798448546,"(217, 201, 170)","(20, 55, 217)",0.6053530271720333,319958,/content/drive/MyDrive/datasCo/Imagenes_Scaner/PL_cropped/PL18_1.TIF,"(204, 187, 156)","(19, 60, 204)",319958
PL18_1.TIF,7,119.76084918750001,42.44653145121849,14.817653764902492,10.343383256110828,2398.3959411799365,1074.4974706025941,"(217, 200, 169)","(19, 56, 217)",0.6488168427392035,118803,/content/drive/MyDrive/datasCo/Imagenes_Scaner/PL_cropped/PL18_1.TIF,"(204, 188, 157)","(20, 59, 204)",118803
PL18_1.TIF,8,109.0854673125,40.3209903590644,13.664431898563196,10.215918893060328,2681.9913688743495,2175.358358053099,"(220, 205, 174)","(20, 53, 220)",0.6521719195605725,108213,/content/drive/MyDrive/datasCo/Imagenes_Scaner/PL_cropped/PL18_1.TIF,"(207, 193, 163)","(20, 54, 207)",108213
PL18_1.TIF,9,87.20950300000001,36.21076730816817,12.532518693238766,8.928026595080645,2745.9759455335675,1319.855245515073,"(214, 195, 165)","(18, 58, 214)",0.5621038342517285,86512,/content/drive/MyDrive/datasCo/Imagenes_Scaner/PL_cropped/PL18_1.TIF,"(199, 179, 150)","(18, 63, 199)",86512
PL18_1.TIF,10,93.886909,37.18692632879711,12.894697433650485,9.292485905843494,3045.307453616217,1895.3067127641298,"(216, 199, 168)","(19, 57, 216)",0.586797801065109,93136,/content/drive/MyDrive/datasCo/Imagenes_Scaner/PL_cropped/PL18_1.TIF,"(201, 185, 155)","(20, 58, 201)",93136
PL18_1.TIF,11,97.17016856250001,38.24463657363988,13.239115457385365,9.43424809813317,3178.4175303185916,1437.4467440581784,"(216, 198, 168)","(19, 57, 216)",0.59920326164763,96393,/content/drive/MyDrive/datasCo/Imagenes_Scaner/PL_cropped/PL18_1.TIF,"(201, 184, 155)","(19, 58, 201)",96393
PL18_2.TIF,1,93.844570375,37.525121093592695,13.283730164788002,9.026876492984302,1018.4934152576965,1471.0908221797324,"(213, 196, 165)","(19, 57, 213)",0.6118224590199154,93094,/content/drive/MyDrive/datasCo/Imagenes_Scaner/PL_cropped/PL18_2.TIF,"(198, 182, 152)","(20, 59, 198)",93094
PL18_2.TIF,2,218.4753695,76.37635906062096,25.631964894891542,13.071264036635446,1636.0823705289579,2466.295863940054,"(218, 201, 171)","(19, 55, 218)",0.5601906537226385,216728,/content/drive/MyDrive/datasCo/Imagenes_Scaner/PL_cropped/PL18_2.TIF,"(202, 186, 156)","(20, 58, 202)",216728
PL18_2.TIF,3,121.300160625,42.54271608395434,14.766689310990065,10.543764346407434,1779.036782182332,1837.3730906673316,"(214, 200, 174)","(20, 48, 214)",0.6360841020526884,120330,/content/drive/MyDrive/datasCo/Imagenes_Scaner/PL_cropped/PL18_2.TIF,"(199, 186, 160)","(20, 50, 199)",120330
PL18_2.TIF,4,100.47762162500001,38.632792920275094,13.386665177923069,9.594777993685064,1792.5311114232397,786.9171298432891,"(207, 191, 160)","(20, 58, 207)",0.5530027890924414,99674,/content/drive/MyDrive/datasCo/Imagenes_Scaner/PL_cropped/PL18_2.TIF,"(192, 177, 148)","(20, 58, 192)",99674
PL18_2.TIF,5,117.5189181875,41.95393913485057,14.72385159291211,10.213104135568724,2442.1631511678775,3028.908842930545,"(211, 195, 167)","(19, 53, 211)",0.6259446383997118,116579,/content/drive/MyDrive/datasCo/Imagenes_Scaner/PL_cropped/PL18_2.TIF,"(195, 181, 154)","(20, 54, 195)",116579
PL18_2.TIF,6,108.30018662500001,39.962327609402465,13.629547510567237,10.167651814488435,2473.5830742595454,1841.521343336374,"(219, 204, 174)","(20, 52, 219)",0.5824878530074278,107434,/content/drive/MyDrive/datasCo/Imagenes_Scaner/PL_cropped/PL18_2.TIF,"(203, 190, 161)","(21, 53, 203)",107434
PL18_2.TIF,7,86.4262384375,35.97965205368706,12.540226591848409,8.845907311075266,2895.206170175541,510.8805621974689,"(209, 192, 163)","(19, 56, 209)",0.46695048696564995,85735,/content/drive/MyDrive/datasCo/Imagenes_Scaner/PL_cropped/PL18_2.TIF,"(191, 173, 147)","(18, 59, 191)",85735
PL18_2.TIF,8,98.8072620625,38.32805706332541,13.42841107349586,9.407764549849308,3002.098809390208,2993.676505096055,"(213, 197, 168)","(19, 54, 213)",0.5929379597416775,98017,/content/drive/MyDrive/datasCo/Imagenes_Scaner/PL_cropped/PL18_2.TIF,"(197, 182, 155)","(19, 54, 197)",98017
PL18_2.TIF,9,120.150969375,42.55835054751565,14.757045828834435,10.415432499133496,3353.97327795956,1757.692239281819,"(214, 199, 171)","(20, 51, 214)",0.6217048410101519,119190,/content/drive/MyDrive/datasCo/Imagenes_Scaner/PL_cropped/PL18_2.TIF,"(197, 184, 156)","(20, 53, 197)",119190
PL18_2.TIF,10,83.094591875,35.63794553787729,12.434304636048362,8.589462341347847,3486.774863520563,573.5362125439767,"(211, 194, 161)","(20, 60, 211)",0.6139512313478103,82430,/content/drive/MyDrive/datasCo/Imagenes_Scaner/PL_cropped/PL18_2.TIF,"(196, 182, 150)","(21, 60, 196)",82430
PL18_2.TIF,11,94.021989375,37.22038523664302,12.927385955999359,9.283262104917808,3682.746821057146,2831.6472284764664,"(213, 197, 168)","(19, 54, 213)",0.5721989921732604,93270,/content/drive/MyDrive/datasCo/Imagenes_Scaner/PL_cropped/PL18_2.TIF,"(197, 183, 154)","(20, 56, 197)",93270
PL18_2.TIF,12,97.2387168125,38.424789191242084,13.37044671186896,9.342526074641532,3825.4007526357805,1281.8724976933684,"(214, 198, 168)","(20, 55, 214)",0.6178248203937342,96461,/content/drive/MyDrive/datasCo/Imagenes_Scaner/PL_cropped/PL18_2.TIF,"(198, 183, 155)","(20, 55, 198)",96461
PL19_1.TIF,1,82.07342456250001,34.859216083954344,12.115370761179637,8.643162074412079,931.1907955341022,1315.5134431384108,"(208, 195, 172)","(19, 44, 208)",0.5270029600697643,81417,/content/drive/MyDrive/datasCo/Imagenes_Scaner/PL_cropped/PL19_1.TIF,"(190, 179, 156)","(20, 46, 190)",81417
PL19_1.TIF,2,107.167124375,39.768636573639874,13.716992913391502,9.971507463107727,1368.8890226695514,1624.383444643025,"(216, 201, 177)","(18, 46, 216)",0.6048161038472392,106310,/content/drive/MyDrive/datasCo/Imagenes_Scaner/PL_cropped/PL19_1.TIF,"(198, 185, 162)","(19, 46, 198)",106310
PL19_1.TIF,3,116.61569418750001,41.40555066029868,14.05365423920638,10.602786864444141,1660.4478877622469,2719.1385078187805,"(216, 203, 177)","(20, 46, 216)",0.5589758218580085,115683,/content/drive/MyDrive/datasCo/Imagenes_Scaner/PL_cropped/PL19_1.TIF,"(198, 185, 161)","(19, 48, 198)",115683
PL19_1.TIF,4,92.159089875,37.14147755301094,12.786367060239249,9.226827176653641,1829.5247642799327,2225.7929382424363,"(215, 203, 180)","(20, 42, 215)",0.5908096519437335,91422,/content/drive/MyDrive/datasCo/Imagenes_Scaner/PL_cropped/PL19_1.TIF,"(198, 186, 164)","(19, 44, 198)",91422
PL19_1.TIF,5,88.82643525,35.94961096153296,12.28536427055113,9.235031101921127,2129.5064687457443,690.5804280720868,"(212, 199, 177)","(19, 42, 212)",0.5875663897589541,88116,/content/drive/MyDrive/datasCo/Imagenes_Scaner/PL_cropped/PL19_1.TIF,"(194, 183, 160)","(20, 45, 194)",88116
PL19_1.TIF,6,106.97357637500001,39.822563466352136,13.679113157224684,9.999885284946401,2160.331348121902,2741.3420249156597,"(217, 205, 183)","(19, 40, 217)",0.5964963531163422,106118,/content/drive/MyDrive/datasCo/Imagenes_Scaner/PL_cropped/PL19_1.TIF,"(200, 189, 168)","(20, 41, 200)",106118
PL19_1.TIF,7,102.32540018750001,39.04647755301094,13.01521675174083,10.110482044027119,2233.3107962997624,1577.173377205513,"(218, 204, 178)","(20, 47, 218)",0.6023821017269745,101507,/content/drive/MyDrive/datasCo/Imagenes_Scaner/PL_cropped/PL19_1.TIF,"(200, 187, 162)","(20, 48, 200)",101507
PL19_1.TIF,8,115.67617993750001,42.007866027562834,14.408123607432625,10.305417966754948,2233.5190281566174,1170.2448170386315,"(219, 207, 185)","(19, 40, 219)",0.5743740795287187,114751,/content/drive/MyDrive/datasCo/Imagenes_Scaner/PL_cropped/PL19_1.TIF,"(202, 190, 168)","(19, 43, 202)",114751
PL19_1.TIF,9,99.1923419375,38.482681394826976,12.831364011892967,9.922658026667591,3058.555452799317,1771.1129381396152,"(210, 196, 169)","(20, 50, 210)",0.5656663177471316,98399,/content/drive/MyDrive/datasCo/Imagenes_Scaner/PL_cropped/PL19_1.TIF,"(192, 179, 154)","(20, 50, 192)",98399
PL19_1.TIF,10,108.55321031250001,40.28169687487416,14.287538947895593,9.710380103282136,3353.2162139573757,2492.206881181223,"(190, 172, 140)","(19, 67, 190)",0.41974208283430353,107685,/content/drive/MyDrive/datasCo/Imagenes_Scaner/PL_cropped/PL19_1.TIF,"(191, 176, 147)","(20, 59, 191)",107685
PL19_1.TIF,11,93.0169510625,37.392286517248365,13.063191297147096,9.123558766810845,3477.8918101719896,1535.795118832161,"(212, 198, 175)","(19, 45, 212)",0.5752712060949574,92273,/content/drive/MyDrive/datasCo/Imagenes_Scaner/PL_cropped/PL19_1.TIF,"(194, 181, 159)","(19, 46, 194)",92273
PL19_2.TIF,1,118.112667,41.68134041545591,14.184571953116835,10.640111287684011,1176.092252150758,2164.1824303564113,"(219, 207, 183)","(20, 42, 219)",0.598465451317766,117168,/content/drive/MyDrive/datasCo/Imagenes_Scaner/PL_cropped/PL19_2.TIF,"(202, 190, 167)","(20, 44, 202)",117168
PL19_2.TIF,2,107.48668018750001,40.0810762724056,13.870940095087487,9.894875063272105,1600.7019891772252,1677.8158065030434,"(217, 203, 180)","(19, 43, 217)",0.5978223151734551,106627,/content/drive/MyDrive/datasCo/Imagenes_Scaner/PL_cropped/PL19_2.TIF,"(200, 188, 165)","(20, 45, 200)",106627
PL19_2.TIF,3,93.3717890625,37.39976357913517,12.90722530847004,9.262631661152817,1719.237419703104,2309.99142780027,"(216, 203, 180)","(19, 43, 216)",0.5899379217273955,92625,/content/drive/MyDrive/datasCo/Imagenes_Scaner/PL_cropped/PL19_2.TIF,"(197, 186, 164)","(20, 43, 197)",92625
PL19_2.TIF,4,89.60465950000001,36.19909815547951,12.34634128369441,9.27014246198767,2089.686931869319,1024.304034290343,"(212, 200, 177)","(20, 42, 212)",0.6013972639726397,88888,/content/drive/MyDrive/datasCo/Imagenes_Scaner/PL_cropped/PL19_2.TIF,"(195, 184, 161)","(20, 44, 195)",88888
PL19_2.TIF,5,107.39091425000001,40.25616858877353,13.682568072962837,10.034731611842654,2327.1815698569444,2707.438685089926,"(217, 205, 184)","(19, 39, 217)",0.5695753388653174,106532,/content/drive/MyDrive/datasCo/Imagenes_Scaner/PL_cropped/PL19_2.TIF,"(199, 188, 168)","(19, 40, 199)",106532
PL19_2.TIF,6,98.54415775000001,38.38649676209113,12.888594453850198,9.823199265778266,2510.9961536887763,1258.8454212529155,"(210, 194, 166)","(19, 53, 210)",0.5242235770694382,97756,/content/drive/MyDrive/datasCo/Imagenes_Scaner/PL_cropped/PL19_2.TIF,"(192, 178, 151)","(20, 54, 192)",97756
PL19_2.TIF,7,80.5240325,34.4229674209512,12.03493489203999,8.535288640652938,2608.617150726089,808.2033550325489,"(210, 198, 177)","(19, 40, 210)",0.5838132198297447,79880,/content/drive/MyDrive/datasCo/Imagenes_Scaner/PL_cropped/PL19_2.TIF,"(193, 182, 161)","(20, 42, 193)",79880
PL19_2.TIF,8,101.73870781250001,38.84772621601408,13.028996615214657,10.033244774485288,2712.235897944018,1789.4645528858064,"(215, 202, 180)","(19, 42, 215)",0.5400743126083726,100925,/content/drive/MyDrive/datasCo/Imagenes_Scaner/PL_cropped/PL19_2.TIF,"(195, 183, 162)","(19, 43, 195)",100925
PL19_2.TIF,9,96.47561350000001,38.12720968092761,13.12786503862474,9.434200332473845,2925.620078575608,2886.4458956783415,"(214, 203, 185)","(19, 35, 214)",0.5620977179637214,95704,/content/drive/MyDrive/datasCo/Imagenes_Scaner/PL_cropped/PL19_2.TIF,"(195, 186, 168)","(20, 35, 195)",95704
PL19_2.TIF,10,109.4282085625,40.39461096153296,13.985642024563196,10.004703095693218,3272.9842933866407,2270.274004403379,"(213, 202, 179)","(20, 41, 213)",0.5072395689416966,108553,/content/drive/MyDrive/datasCo/Imagenes_Scaner/PL_cropped/PL19_2.TIF,"(191, 180, 157)","(20, 45, 191)",108553
PL19_2.TIF,11,115.1560196875,42.09128651724836,14.295829036750835,10.347906171069242,3394.453853897667,997.8460191710071,"(215, 201, 177)","(19, 45, 215)",0.5839278679914212,114235,/content/drive/MyDrive/datasCo/Imagenes_Scaner/PL_cropped/PL19_2.TIF,"(196, 184, 161)","(20, 46, 196)",114235
PL19_2.TIF,12,91.0371163125,36.86568779785371,12.85406419740772,9.071578716588732,3730.5844046551283,1775.449811203756,"(210, 197, 175)","(19, 43, 210)",0.5527577539337165,90309,/content/drive/MyDrive/datasCo/Imagenes_Scaner/PL_cropped/PL19_2.TIF,"(192, 180, 158)","(19, 45, 192)",90309
PL20_1.TIF,1,238.89669962500002,80.60081796846686,26.984909660416715,13.327886200279687,1359.1469622678133,1921.5500451503465,"(222, 209, 186)","(19, 41, 222)",0.6322947347100673,236986,/content/drive/MyDrive/datasCo/Imagenes_Scaner/PL_cropped/PL20_1.TIF,"(207, 195, 172)","(20, 43, 207)",236986
PL20_1.TIF,2,128.2426870625,43.714662185746796,14.997711908831489,10.963826016094764,1675.570796355833,1333.6879976732669,"(221, 208, 184)","(19, 43, 221)",0.5719469096049635,127217,/content/drive/MyDrive/datasCo/Imagenes_Scaner/PL_cropped/PL20_1.TIF,"(204, 193, 169)","(21, 44, 204)",127217
PL20_1.TIF,3,116.1802111875,41.37870060390717,14.459134333466015,10.266903946545062,2184.0588281229666,857.2434252197378,"(219, 208, 186)","(20, 38, 219)",0.6515258002099765,115251,/content/drive/MyDrive/datasCo/Imagenes_Scaner/PL_cropped/PL20_1.TIF,"(204, 194, 173)","(20, 39, 204)",115251
PL20_1.TIF,4,121.5652810625,42.667526103231054,14.839575306557807,10.508942239456857,2277.2754471652584,2343.3734130505086,"(219, 208, 184)","(21, 41, 219)",0.6160639506439014,120593,/content/drive/MyDrive/datasCo/Imagenes_Scaner/PL_cropped/PL20_1.TIF,"(202, 192, 169)","(21, 42, 202)",120593
PL20_1.TIF,5,118.364682625,42.195722486981076,15.03141385083505,10.060226630187435,2573.8186479074757,1610.713842852033,"(218, 206, 182)","(20, 42, 218)",0.5926944761450544,117418,/content/drive/MyDrive/datasCo/Imagenes_Scaner/PL_cropped/PL20_1.TIF,"(202, 191, 167)","(21, 44, 202)",117418
PL20_1.TIF,6,116.763879375,41.7814903590644,14.39393608040722,10.3917904575405,2801.4508676508676,747.1610290943624,"(220, 207, 181)","(20, 45, 220)",0.6258741258741258,115830,/content/drive/MyDrive/datasCo/Imagenes_Scaner/PL_cropped/PL20_1.TIF,"(205, 193, 168)","(20, 46, 205)",115830
PL20_1.TIF,7,127.05418137500001,43.40167499180025,14.869726760196862,10.947785887883068,3107.689315920595,2549.1195512464496,"(220, 208, 185)","(20, 41, 220)",0.6077770196290008,126038,/content/drive/MyDrive/datasCo/Imagenes_Scaner/PL_cropped/PL20_1.TIF,"(203, 192, 170)","(20, 41, 203)",126038
PL20_1.TIF,8,115.85561506250001,41.5928596245361,14.339592571259319,10.334533116891166,3183.9959453227643,1458.5846044079387,"(219, 207, 183)","(20, 42, 219)",0.5778263101567055,114929,/content/drive/MyDrive/datasCo/Imagenes_Scaner/PL_cropped/PL20_1.TIF,"(201, 190, 167)","(20, 43, 201)",114929
PL20_1.TIF,9,108.65704075000001,40.47935322150937,14.423278728676994,9.636853025639981,3453.0595149738374,625.8696144283223,"(216, 203, 180)","(19, 43, 216)",0.5971907819052213,107788,/content/drive/MyDrive/datasCo/Imagenes_Scaner/PL_cropped/PL20_1.TIF,"(199, 187, 165)","(19, 44, 199)",107788
PL20_1.TIF,10,151.16804443750001,48.96920700693389,16.48511460900889,11.935913254993466,3666.5719563347316,1765.3376656286052,"(222, 209, 183)","(20, 45, 222)",0.6045118999193113,149959,/content/drive/MyDrive/datasCo/Imagenes_Scaner/PL_cropped/PL20_1.TIF,"(205, 193, 168)","(20, 46, 205)",149959
PL20_1.TIF,11,115.687268625,41.533324935408736,14.411454239047607,10.270845535640637,3981.460527003712,2659.042008678831,"(219, 209, 188)","(20, 36, 219)",0.6223662884927067,114762,/content/drive/MyDrive/datasCo/Imagenes_Scaner/PL_cropped/PL20_1.TIF,"(202, 193, 172)","(21, 38, 202)",114762
PL20_2.TIF,1,120.433226875,42.560219812987356,14.623385156766078,10.580738993993057,885.6297062023939,1645.389486900477,"(219, 206, 181)","(20, 44, 219)",0.6081945258223822,119470,/content/drive/MyDrive/datasCo/Imagenes_Scaner/PL_cropped/PL20_2.TIF,"(202, 191, 167)","(21, 44, 202)",119470
PL20_2.TIF,2,116.38081562500001,41.393560792358414,14.13697021346309,10.53240930651959,1369.154421827631,2252.4029190125593,"(222, 212, 191)","(20, 36, 222)",0.6068341273278476,115450,/content/drive/MyDrive/datasCo/Imagenes_Scaner/PL_cropped/PL20_2.TIF,"(206, 197, 176)","(21, 37, 206)",115450
PL20_2.TIF,3,126.3777714375,43.40377103720119,14.857994234838547,10.903377980924457,1605.2584491931689,856.1919883222857,"(219, 207, 183)","(20, 42, 219)",0.6105434444471033,125367,/content/drive/MyDrive/datasCo/Imagenes_Scaner/PL_cropped/PL20_2.TIF,"(203, 192, 169)","(20, 43, 203)",125367
PL20_2.TIF,4,120.9402823125,42.82588896567602,14.741800550572679,10.524037789901882,2018.2073799938319,2686.4543522292515,"(219, 207, 183)","(20, 42, 219)",0.5990681236611571,119973,/content/drive/MyDrive/datasCo/Imagenes_Scaner/PL_cropped/PL20_2.TIF,"(201, 191, 168)","(21, 42, 201)",119973
PL20_2.TIF,5,118.0874654375,42.37929292027509,14.99305307222157,10.062235465693876,2034.5124505945726,1956.5935480566486,"(218, 206, 182)","(20, 42, 218)",0.5939065927968381,117143,/content/drive/MyDrive/datasCo/Imagenes_Scaner/PL_cropped/PL20_2.TIF,"(202, 191, 166)","(21, 45, 202)",117143
PL20_2.TIF,6,116.59855712500001,41.843668588773525,14.505044184277287,10.312219739106325,2295.8969878788926,853.2140559887953,"(216, 203, 177)","(20, 46, 216)",0.5868102986184358,115666,/content/drive/MyDrive/datasCo/Imagenes_Scaner/PL_cropped/PL20_2.TIF,"(200, 188, 163)","(20, 47, 200)",115666
PL20_2.TIF,7,116.3374689375,41.748805726328555,14.438939632353488,10.294331938762626,2576.31581273233,1597.2950687566613,"(219, 208, 186)","(20, 38, 219)",0.644466973407159,115407,/content/drive/MyDrive/datasCo/Imagenes_Scaner/PL_cropped/PL20_2.TIF,"(203, 193, 172)","(20, 39, 203)",115407
PL20_2.TIF,8,126.308215125,43.26004158327823,14.94964743226751,10.815690300908205,2818.2139299909018,2329.790547335153,"(217, 205, 179)","(21, 45, 217)",0.6037606346470016,125298,/content/drive/MyDrive/datasCo/Imagenes_Scaner/PL_cropped/PL20_2.TIF,"(199, 188, 165)","(20, 44, 199)",125298
PL20_2.TIF,9,109.75885306250001,40.87070060390717,14.308117054550445,9.81088106726591,2939.921822907578,785.6498195277413,"(218, 205, 182)","(19, 42, 218)",0.5963574912059956,108881,/content/drive/MyDrive/datasCo/Imagenes_Scaner/PL_cropped/PL20_2.TIF,"(199, 188, 166)","(20, 42, 199)",108881
PL20_2.TIF,10,114.95239106250001,41.258630170613145,14.296459318659243,10.283847394620352,3179.0670770741804,1643.9910902984225,"(219, 207, 183)","(20, 42, 219)",0.5890750922978436,114033,/content/drive/MyDrive/datasCo/Imagenes_Scaner/PL_cropped/PL20_2.TIF,"(202, 191, 168)","(20, 43, 202)",114033
PL20_2.TIF,11,149.451314,48.5759903590644,16.458448619829337,11.832255182295535,3454.437290902223,1139.7655811569177,"(223, 211, 184)","(21, 45, 223)",0.635515594647097,148256,/content/drive/MyDrive/datasCo/Imagenes_Scaner/PL_cropped/PL20_2.TIF,"(209, 197, 172)","(20, 45, 209)",148256
PL20_2.TIF,12,118.24472318750001,41.99642365480339,14.564667981668622,10.391600386886894,3745.92012719631,2389.979445690074,"(220, 210, 188)","(21, 37, 220)",0.6103291588163582,117299,/content/drive/MyDrive/datasCo/Imagenes_Scaner/PL_cropped/PL20_2.TIF,"(203, 194, 173)","(21, 38, 203)",117299
PL21_1.TIF,1,304.55080218750004,97.92345989009418,30.316023173416152,16.733992864632263,1548.9833010608543,2015.2098671035865,"(213, 198, 166)","(20, 56, 213)",0.61538893977824,302115,/content/drive/MyDrive/datasCo/Imagenes_Scaner/PL_cropped/PL21_1.TIF,"(200, 185, 154)","(20, 59, 200)",302115
PL21_1.TIF,2,104.6822503125,39.46203145121849,13.428979798471763,9.986165910313838,2354.6865617025373,2120.419529105879,"(213, 199, 171)","(20, 50, 213)",0.6080986085030574,103845,/content/drive/MyDrive/datasCo/Imagenes_Scaner/PL_cropped/PL21_1.TIF,"(196, 183, 156)","(20, 52, 196)",103845
PL21_1.TIF,3,116.66307312500001,41.99906719538514,14.816192669469807,10.130331932208206,2602.6279616348397,656.3702065151646,"(216, 200, 173)","(19, 51, 216)",0.5872893804545062,115730,/content/drive/MyDrive/datasCo/Imagenes_Scaner/PL_cropped/PL21_1.TIF,"(199, 185, 158)","(20, 53, 199)",115730
PL21_1.TIF,4,104.8495886875,39.69182493540874,13.317430945076673,10.135841787975481,2669.22405322514,1141.7953197257982,"(221, 206, 180)","(19, 47, 221)",0.5153301093153608,104011,/content/drive/MyDrive/datasCo/Imagenes_Scaner/PL_cropped/PL21_1.TIF,"(205, 191, 166)","(19, 49, 205)",104011
PL21_1.TIF,5,132.3031628125,44.57362109359269,15.270339216648402,11.121085978063663,2866.1482494571223,2420.525734313688,"(215, 201, 174)","(20, 49, 215)",0.5075698121833213,131245,/content/drive/MyDrive/datasCo/Imagenes_Scaner/PL_cropped/PL21_1.TIF,"(199, 186, 158)","(20, 53, 199)",131245
PL21_1.TIF,6,100.88689500000001,38.895044257271955,13.5298471508658,9.555217565314933,2884.2116007194245,1805.1955635491606,"(215, 202, 178)","(19, 44, 215)",0.5707633892885692,100080,/content/drive/MyDrive/datasCo/Imagenes_Scaner/PL_cropped/PL21_1.TIF,"(198, 186, 163)","(20, 45, 198)",100080
PL21_1.TIF,7,252.166834375,83.02074753517283,25.86944843142297,14.616918755288642,3171.0651049370376,776.2786727963222,"(217, 200, 169)","(19, 56, 217)",0.6297431481825255,250150,/content/drive/MyDrive/datasCo/Imagenes_Scaner/PL_cropped/PL21_1.TIF,"(202, 187, 155)","(20, 59, 202)",250150
PL21_1.TIF,8,107.215511375,39.7550981554795,13.33255562635572,10.313965283015907,3658.239446021926,1244.3262095940127,"(214, 199, 172)","(19, 50, 214)",0.5754151074672333,106358,/content/drive/MyDrive/datasCo/Imagenes_Scaner/PL_cropped/PL21_1.TIF,"(198, 184, 158)","(20, 52, 198)",106358
PL21_1.TIF,9,98.1983923125,38.19467499180025,13.242636219426357,9.494736034345266,3679.3847330438443,2503.826891687968,"(210, 194, 167)","(19, 52, 210)",0.5645139765739685,97413,/content/drive/MyDrive/datasCo/Imagenes_Scaner/PL_cropped/PL21_1.TIF,"(190, 176, 150)","(20, 54, 190)",97413
PL21_2.TIF,1,83.8455984375,35.07337510458328,11.946645221793771,8.957339346202199,773.179416892095,1568.6140186354073,"(209, 194, 160)","(21, 60, 209)",0.627087466185753,83175,/content/drive/MyDrive/datasCo/Imagenes_Scaner/PL_cropped/PL21_2.TIF,"(195, 182, 149)","(22, 60, 195)",83175
PL21_2.TIF,2,216.85037275000002,79.7304166878615,27.803815200543227,11.484661439541997,1084.221513044125,2236.683798508712,"(217, 202, 172)","(20, 53, 217)",0.564588455315304,215116,/content/drive/MyDrive/datasCo/Imagenes_Scaner/PL_cropped/PL21_2.TIF,"(200, 186, 158)","(20, 54, 200)",215116
PL21_2.TIF,3,133.4422734375,44.6052107359669,15.26486481487872,11.229865987827642,1483.5402757318225,2161.8766912181304,"(219, 204, 177)","(19, 49, 219)",0.5711392442352872,132375,/content/drive/MyDrive/datasCo/Imagenes_Scaner/PL_cropped/PL21_2.TIF,"(204, 190, 163)","(20, 51, 204)",132375
PL21_2.TIF,4,116.68323437500001,42.10295566993703,14.835388774219005,10.124017235576135,2062.255118790497,1532.3607429805616,"(213, 199, 174)","(19, 47, 213)",0.5918272138228942,115750,/content/drive/MyDrive/datasCo/Imagenes_Scaner/PL_cropped/PL21_2.TIF,"(196, 183, 158)","(20, 49, 196)",115750
PL21_2.TIF,5,103.8758003125,39.55183401242918,13.393657132982742,9.975577369551857,2222.2937648600127,2157.181639089718,"(216, 200, 171)","(19, 53, 216)",0.5592605172497452,103045,/content/drive/MyDrive/datasCo/Imagenes_Scaner/PL_cropped/PL21_2.TIF,"(199, 185, 157)","(20, 54, 199)",103045
PL21_2.TIF,6,123.6176963125,42.91601224213831,15.22490424316476,10.37714105102607,2661.1587552699607,1079.964306974696,"(216, 202, 175)","(20, 48, 216)",0.5537515595821543,122629,/content/drive/MyDrive/datasCo/Imagenes_Scaner/PL_cropped/PL21_2.TIF,"(201, 188, 161)","(20, 51, 201)",122629
PL21_2.TIF,7,101.161088,39.0650762724056,13.556130996386539,9.563040642689572,2702.1676000478315,1999.3574816645407,"(216, 203, 178)","(20, 45, 216)",0.5634167729591837,100352,/content/drive/MyDrive/datasCo/Imagenes_Scaner/PL_cropped/PL21_2.TIF,"(199, 187, 162)","(20, 47, 199)",100352
PL21_2.TIF,8,106.06027175000001,39.57385054751565,13.249270112510516,10.266177487472682,2845.9648234041742,3116.417385849523,"(213, 199, 174)","(19, 47, 213)",0.54352165152264,105212,/content/drive/MyDrive/datasCo/Imagenes_Scaner/PL_cropped/PL21_2.TIF,"(197, 184, 160)","(19, 48, 197)",105212
PL21_2.TIF,9,108.8233710625,40.490248099087985,14.362066437003714,9.716396916558859,3026.4520671032765,1343.6350634072235,"(212, 195, 166)","(19, 55, 212)",0.5928598556779339,107953,/content/drive/MyDrive/datasCo/Imagenes_Scaner/PL_cropped/PL21_2.TIF,"(199, 184, 157)","(19, 54, 199)",107953
PL21_2.TIF,10,125.96043356250001,43.49334681848265,15.078400604756137,10.730645895075282,3257.341432378574,2541.777148207726,"(213, 197, 166)","(20, 56, 213)",0.5927748833561419,124953,/content/drive/MyDrive/datasCo/Imagenes_Scaner/PL_cropped/PL21_2.TIF,"(197, 182, 152)","(20, 58, 197)",124953
PL21_2.TIF,11,96.4000088125,37.972037854245215,13.033601322264312,9.457976644515018,3475.83420301373,1841.7256062491504,"(210, 194, 166)","(19, 53, 210)",0.6015016365328509,95629,/content/drive/MyDrive/datasCo/Imagenes_Scaner/PL_cropped/PL21_2.TIF,"(191, 177, 151)","(20, 53, 191)",95629
PL22_1.TIF,1,82.1641501875,34.879136573639876,12.023967147551579,8.731024622386009,2300.1778865618903,2087.951856895727,"(210, 196, 172)","(19, 46, 210)",0.5648081542081713,81507,/content/drive/MyDrive/datasCo/Imagenes_Scaner/PL_cropped/PL22_1.TIF,"(194, 182, 159)","(20, 46, 194)",81507
PL22_1.TIF,2,120.13685650000001,42.6704903590644,14.99178385762018,10.304851520930269,2307.253582936162,1130.5218584278714,"(193, 171, 131)","(19, 82, 193)",0.43796569779150163,119176,/content/drive/MyDrive/datasCo/Imagenes_Scaner/PL_cropped/PL22_1.TIF,"(191, 175, 142)","(20, 65, 191)",119176
PL22_1.TIF,3,105.17620093750001,39.70513657363988,13.946828049033753,9.638410578115367,2369.8470503666076,2468.1452341016916,"(212, 199, 174)","(20, 46, 212)",0.5360583802346657,104335,/content/drive/MyDrive/datasCo/Imagenes_Scaner/PL_cropped/PL22_1.TIF,"(197, 185, 161)","(20, 47, 197)",104335
PL22_1.TIF,4,86.32644025,35.5725762724056,11.713110797468726,9.43392202646387,2785.723002008501,1172.672579289084,"(208, 196, 172)","(20, 44, 208)",0.5101359241440516,85636,/content/drive/MyDrive/datasCo/Imagenes_Scaner/PL_cropped/PL22_1.TIF,"(187, 177, 155)","(21, 44, 187)",85636
PL22_1.TIF,5,92.26191225000001,37.750722486981076,13.568579559904164,8.728347810940408,3148.717210786242,2262.5168589659543,"(211, 197, 174)","(19, 45, 211)",0.5402517372492461,91524,/content/drive/MyDrive/datasCo/Imagenes_Scaner/PL_cropped/PL22_1.TIF,"(193, 180, 157)","(19, 48, 193)",91524
PL22_2.TIF,1,81.79419125000001,34.787237967028254,11.962101987361565,8.74009441372562,1717.6520458466848,1304.6781488784816,"(209, 196, 170)","(20, 48, 209)",0.5505052994823761,81140,/content/drive/MyDrive/datasCo/Imagenes_Scaner/PL_cropped/PL22_2.TIF,"(191, 180, 157)","(20, 45, 191)",81140
PL22_2.TIF,2,104.612694,39.52817499180025,13.825820936771308,9.676662109391804,2216.041445035461,1915.297323080481,"(214, 201, 177)","(19, 44, 214)",0.6170405488744989,103776,/content/drive/MyDrive/datasCo/Imagenes_Scaner/PL_cropped/PL22_2.TIF,"(198, 187, 164)","(20, 44, 198)",103776
PL22_2.TIF,3,86.1520454375,35.42542900279083,11.66398652673306,9.453222223188003,2416.4591343622387,1040.6779073985233,"(208, 197, 174)","(20, 42, 208)",0.5292348735710191,85463,/content/drive/MyDrive/datasCo/Imagenes_Scaner/PL_cropped/PL22_2.TIF,"(188, 178, 156)","(21, 43, 188)",85463
PL22_2.TIF,4,123.3556000625,43.48828651724836,15.048694070015781,10.560613713324209,3079.885518391096,1731.838325065989,"(215, 202, 178)","(19, 44, 215)",0.482851048876758,122369,/content/drive/MyDrive/datasCo/Imagenes_Scaner/PL_cropped/PL22_2.TIF,"(195, 182, 157)","(20, 50, 195)",122369
PL22_2.TIF,5,92.5875164375,37.90402504819177,13.6057167851593,8.730363749834408,3206.5167180201856,1134.2516358727014,"(208, 193, 167)","(19, 50, 208)",0.5171644147331976,91847,/content/drive/MyDrive/datasCo/Imagenes_Scaner/PL_cropped/PL22_2.TIF,"(192, 177, 150)","(19, 56, 192)",91847
PL23_1.TIF,1,100.82641125,38.979786517248364,13.144424095295898,9.859175902227797,1303.657198560288,1030.2076384723055,"(215, 200, 171)","(20, 52, 215)",0.5383223355328934,100020,/content/drive/MyDrive/datasCo/Imagenes_Scaner/PL_cropped/PL23_1.TIF,"(198, 185, 157)","(20, 53, 198)",100020
PL23_1.TIF,2,88.4222021875,36.471696874874155,12.278787139910435,9.228606343279917,1568.422915122841,1695.9380379638603,"(213, 195, 163)","(19, 60, 213)",0.6636541306296092,87715,/content/drive/MyDrive/datasCo/Imagenes_Scaner/PL_cropped/PL23_1.TIF,"(199, 183, 152)","(20, 60, 199)",87715
PL23_1.TIF,3,95.56130081250001,38.22868139482698,13.462931571549216,9.108856202029544,2007.9388482757893,1126.0078483496313,"(217, 200, 165)","(20, 61, 217)",0.6376256632593859,94797,/content/drive/MyDrive/datasCo/Imagenes_Scaner/PL_cropped/PL23_1.TIF,"(204, 188, 154)","(20, 63, 204)",94797
PL23_1.TIF,4,233.0731225625,78.92009759156434,30.696816143888697,10.606167938887467,2043.436812580825,1844.6641436968284,"(218, 203, 172)","(20, 54, 218)",0.575549305228751,231209,/content/drive/MyDrive/datasCo/Imagenes_Scaner/PL_cropped/PL23_1.TIF,"(202, 188, 158)","(20, 56, 202)",231209
PL23_1.TIF,5,99.12076950000001,38.702674991800244,13.098326458335762,9.708086979657828,2420.3004942640955,1101.107853307298,"(220, 205, 172)","(21, 56, 220)",0.6562423724676593,98328,/content/drive/MyDrive/datasCo/Imagenes_Scaner/PL_cropped/PL23_1.TIF,"(205, 190, 158)","(20, 58, 205)",98328
PL23_1.TIF,6,104.74575825000001,39.18382493540874,13.445701436490726,9.979555078208646,2512.472485275436,2095.7285772029104,"(214, 200, 172)","(20, 50, 214)",0.5712689026661953,103908,/content/drive/MyDrive/datasCo/Imagenes_Scaner/PL_cropped/PL23_1.TIF,"(197, 185, 158)","(21, 50, 197)",103908
PL23_1.TIF,7,108.429218625,40.167140302672884,14.002000714332617,9.882735221332442,2647.6219482716947,768.3241200423942,"(212, 197, 170)","(19, 51, 212)",0.574231766012588,107562,/content/drive/MyDrive/datasCo/Imagenes_Scaner/PL_cropped/PL23_1.TIF,"(194, 181, 154)","(20, 53, 194)",107562
PL23_1.TIF,8,108.05825162500001,40.62946474695749,14.03912545492841,9.856137784891526,3000.228492266358,1963.1861671362203,"(218, 203, 174)","(20, 51, 218)",0.5738474168330318,107194,/content/drive/MyDrive/datasCo/Imagenes_Scaner/PL_cropped/PL23_1.TIF,"(201, 187, 159)","(20, 53, 201)",107194
PL23_1.TIF,9,113.85259487500001,40.825799323301815,13.843666318993096,10.531452716606578,3350.341732924864,1560.6327229905614,"(211, 194, 165)","(19, 56, 211)",0.5353367215030723,112942,/content/drive/MyDrive/datasCo/Imagenes_Scaner/PL_cropped/PL23_1.TIF,"(194, 180, 152)","(20, 55, 194)",112942
PL23_1.TIF,10,82.6621330625,35.08559175245278,12.150000013682432,8.68246142483362,3411.6046389678177,976.8115144937257,"(215, 197, 164)","(19, 60, 215)",0.5877489298910988,82001,/content/drive/MyDrive/datasCo/Imagenes_Scaner/PL_cropped/PL23_1.TIF,"(199, 183, 150)","(20, 63, 199)",82001
PL23_1.TIF,11,72.18231531250001,32.717493033058126,11.400860933892455,8.101003442370844,4085.8548844354445,1221.1093219747224,"(201, 184, 148)","(20, 67, 201)",0.5590112422316877,71605,/content/drive/MyDrive/datasCo/Imagenes_Scaner/PL_cropped/PL23_1.TIF,"(187, 172, 137)","(21, 68, 187)",71605
PL23_2.TIF,1,101.3032248125,38.91947755301094,13.191319265471543,9.867290666930218,1634.2891743703542,1190.2542266625537,"(214, 199, 169)","(20, 54, 214)",0.5725075378384564,100493,/content/drive/MyDrive/datasCo/Imagenes_Scaner/PL_cropped/PL23_2.TIF,"(198, 186, 157)","(21, 53, 198)",100493
PL23_2.TIF,2,125.7366436875,43.238251828121,15.111234682581767,10.67983480306791,1671.7319190898813,2112.088013404847,"(217, 204, 176)","(20, 48, 217)",0.5620415133367006,124731,/content/drive/MyDrive/datasCo/Imagenes_Scaner/PL_cropped/PL23_2.TIF,"(200, 187, 161)","(20, 50, 200)",124731
PL23_2.TIF,3,104.8697499375,39.35891725177666,13.51655116353704,9.942096148776136,2119.411319702781,2407.3079082196655,"(213, 200, 173)","(20, 48, 213)",0.5309763435898914,104031,/content/drive/MyDrive/datasCo/Imagenes_Scaner/PL_cropped/PL23_2.TIF,"(196, 185, 158)","(21, 49, 196)",104031
PL23_2.TIF,4,98.61371406250001,38.57038791063674,13.125459010589488,9.638595079232626,2141.6725683618706,1118.6837004855608,"(217, 202, 171)","(20, 54, 217)",0.6508970099667775,97825,/content/drive/MyDrive/datasCo/Imagenes_Scaner/PL_cropped/PL23_2.TIF,"(202, 188, 158)","(20, 56, 202)",97825
PL23_2.TIF,5,106.54212562500001,40.233831338435465,13.515413675049553,10.22289291972031,2143.369732235784,3027.362815782004,"(214, 199, 170)","(20, 52, 214)",0.5637240987794493,105690,/content/drive/MyDrive/datasCo/Imagenes_Scaner/PL_cropped/PL23_2.TIF,"(196, 183, 154)","(21, 55, 196)",105690
PL23_2.TIF,6,112.999774,40.900194200880435,13.856350397925993,10.456781752598358,2570.725190907793,1936.010794319155,"(213, 197, 169)","(19, 53, 213)",0.5401976876962603,112096,/content/drive/MyDrive/datasCo/Imagenes_Scaner/PL_cropped/PL23_2.TIF,"(197, 182, 155)","(19, 54, 197)",112096
PL23_2.TIF,7,109.130830125,40.222709680927615,14.119268242144093,9.864092765504855,2998.2371926324154,1085.690858874171,"(210, 196, 169)","(20, 50, 210)",0.569463688595762,108258,/content/drive/MyDrive/datasCo/Imagenes_Scaner/PL_cropped/PL23_2.TIF,"(192, 179, 153)","(20, 52, 192)",108258
PL23_2.TIF,8,95.886905,38.09507254337259,13.478286116706853,9.133405295438234,3230.5992640874683,2438.5688288477713,"(214, 198, 165)","(20, 58, 214)",0.6166631623212784,95120,/content/drive/MyDrive/datasCo/Imagenes_Scaner/PL_cropped/PL23_2.TIF,"(200, 185, 154)","(20, 59, 200)",95120
PL23_2.TIF,9,108.032042,40.42542632879711,14.020249427327329,9.86629886742174,3411.7901985667363,3058.432199910421,"(216, 201, 174)","(19, 50, 216)",0.5711686324275903,107168,/content/drive/MyDrive/datasCo/Imagenes_Scaner/PL_cropped/PL23_2.TIF,"(199, 185, 159)","(20, 51, 199)",107168
PL23_2.TIF,10,83.8355178125,35.08823529303453,12.25362019115162,8.73310784892784,3664.4726868273915,663.9961402032105,"(214, 197, 164)","(20, 60, 214)",0.5637828413395058,83165,/content/drive/MyDrive/datasCo/Imagenes_Scaner/PL_cropped/PL23_2.TIF,"(198, 182, 151)","(20, 61, 198)",83165
PL23_2.TIF,11,87.35063175,36.075289191242085,12.295867834150927,9.094063716273551,3843.7435258274477,1984.7462609056918,"(210, 193, 163)","(19, 57, 210)",0.6074758805336288,86652,/content/drive/MyDrive/datasCo/Imagenes_Scaner/PL_cropped/PL23_2.TIF,"(193, 179, 150)","(20, 57, 193)",86652
PL23_2.TIF,12,72.04421075,32.81048663003139,11.39899950323547,8.087398835325983,4048.3690183018975,1240.095259416802,"(201, 184, 148)","(20, 67, 201)",0.5609923322326076,71468,/content/drive/MyDrive/datasCo/Imagenes_Scaner/PL_cropped/PL23_2.TIF,"(187, 172, 137)","(21, 68, 187)",71468
PL24_1.TIF,1,82.03612625000001,34.918203277900886,12.137006477780425,8.639935365787316,934.2918653231752,1089.822376505284,"(215, 197, 165)","(19, 59, 215)",0.5837797984762841,81380,/content/drive/MyDrive/datasCo/Imagenes_Scaner/PL_cropped/PL24_1.TIF,"(197, 181, 151)","(20, 60, 197)",81380
PL24_1.TIF,2,80.1208075,36.92973529303453,11.761240149238494,8.74408032760182,1390.618797181681,2492.2080145948667,"(212, 194, 162)","(19, 60, 212)",0.5503522898842476,79480,/content/drive/MyDrive/datasCo/Imagenes_Scaner/PL_cropped/PL24_1.TIF,"(194, 179, 150)","(20, 58, 194)",79480
PL24_1.TIF,3,98.92822956250001,38.465951940904034,13.151969054479489,9.643909919098718,1633.2468284133406,1846.067273301609,"(219, 202, 170)","(20, 57, 219)",0.5342225664122604,98137,/content/drive/MyDrive/datasCo/Imagenes_Scaner/PL_cropped/PL24_1.TIF,"(203, 187, 158)","(19, 57, 203)",98137
PL24_1.TIF,4,89.735707625,36.45177638518863,12.308546270269607,9.321195540462394,1647.3361679660293,3010.6261205598867,"(214, 200, 175)","(19, 46, 214)",0.5774113100721202,89018,/content/drive/MyDrive/datasCo/Imagenes_Scaner/PL_cropped/PL24_1.TIF,"(197, 183, 158)","(19, 50, 197)",89018
PL24_1.TIF,5,114.9060201875,41.015751828121,13.736188221163776,10.724157485332357,1970.4761332432645,967.8446226324055,"(219, 204, 175)","(20, 51, 219)",0.6491617465149535,113987,/content/drive/MyDrive/datasCo/Imagenes_Scaner/PL_cropped/PL24_1.TIF,"(204, 190, 164)","(20, 50, 204)",113987
PL24_1.TIF,6,214.4138856875,73.25638094369486,23.952987144373406,12.9141686358919,2226.080479927033,1726.9771978241552,"(218, 202, 172)","(20, 54, 218)",0.5806421280777061,212699,/content/drive/MyDrive/datasCo/Imagenes_Scaner/PL_cropped/PL24_1.TIF,"(202, 187, 157)","(20, 57, 202)",212699
PL24_1.TIF,7,124.699347375,42.99779024628137,14.76550450956034,10.811363287276421,2478.1475481398847,893.5699261127548,"(218, 203, 172)","(20, 54, 218)",0.5793600750189972,123702,/content/drive/MyDrive/datasCo/Imagenes_Scaner/PL_cropped/PL24_1.TIF,"(202, 187, 157)","(20, 57, 202)",123702
PL24_1.TIF,8,108.29817050000001,40.301844144488925,14.193087991141738,9.755683386156818,2564.242832675553,2612.588744508154,"(212, 197, 171)","(19, 49, 212)",0.6113913917640926,107432,/content/drive/MyDrive/datasCo/Imagenes_Scaner/PL_cropped/PL24_1.TIF,"(196, 182, 157)","(19, 51, 196)",107432
PL24_1.TIF,9,92.25183162500001,37.17867499180025,13.001718042620924,9.110104467761989,2874.8550276460433,2138.669864720152,"(217, 202, 173)","(20, 52, 217)",0.654806914788994,91514,/content/drive/MyDrive/datasCo/Imagenes_Scaner/PL_cropped/PL24_1.TIF,"(203, 190, 164)","(20, 49, 203)",91514
PL24_1.TIF,10,106.02801375,40.00800316511786,13.77502022098893,9.885520207444404,2931.875841414718,1551.3416999429548,"(216, 201, 167)","(21, 58, 216)",0.6347793845012978,105180,/content/drive/MyDrive/datasCo/Imagenes_Scaner/PL_cropped/PL24_1.TIF,"(201, 187, 155)","(21, 58, 201)",105180
PL24_1.TIF,11,68.9061121875,32.29478278821536,11.134695699868468,7.946209400360936,3203.330656133421,1277.0406261429303,"(202, 183, 149)","(19, 67, 202)",0.6108259858753344,68355,/content/drive/MyDrive/datasCo/Imagenes_Scaner/PL_cropped/PL24_1.TIF,"(188, 172, 138)","(20, 68, 188)",68355
PL24_2.TIF,1,80.21354925,35.598652053687054,11.862512736199019,8.669769645128579,1352.3370909365103,2651.370670587644,"(212, 193, 162)","(19, 60, 212)",0.5030035690946564,79572,/content/drive/MyDrive/datasCo/Imagenes_Scaner/PL_cropped/PL24_2.TIF,"(191, 174, 145)","(19, 61, 191)",79572
PL24_2.TIF,2,82.6339073125,34.90356986937886,12.094432986330043,8.73408263664333,1545.5227696924596,1789.616983640955,"(216, 199, 167)","(20, 58, 216)",0.636782843131275,81973,/content/drive/MyDrive/datasCo/Imagenes_Scaner/PL_cropped/PL24_2.TIF,"(201, 185, 154)","(20, 60, 201)",81973
PL24_2.TIF,3,99.49576875000001,38.4234674209512,13.18331125653795,9.680861879339112,1924.7410739614995,1868.10937183384,"(220, 203, 171)","(20, 57, 220)",0.5494022289766971,98700,/content/drive/MyDrive/datasCo/Imagenes_Scaner/PL_cropped/PL24_2.TIF,"(203, 187, 158)","(19, 57, 203)",98700
PL24_2.TIF,4,89.51695806250001,36.241582675432326,12.308485903781069,9.299840672105748,2005.8555646895868,2622.4277541919573,"(217, 201, 175)","(19, 49, 217)",0.5943602075123016,88801,/content/drive/MyDrive/datasCo/Imagenes_Scaner/PL_cropped/PL24_2.TIF,"(200, 185, 158)","(19, 54, 200)",88801
PL24_2.TIF,5,104.0854773125,39.612917251776665,13.633408348076808,9.81563082749068,2371.621299139008,1303.3240099561272,"(213, 199, 169)","(20, 53, 213)",0.6419958742118873,103253,/content/drive/MyDrive/datasCo/Imagenes_Scaner/PL_cropped/PL24_2.TIF,"(198, 185, 156)","(21, 54, 198)",103253
PL24_2.TIF,6,110.9120765625,40.57631212935528,13.815825463023097,10.274530297860512,2388.713210633947,2468.7069120654396,"(218, 203, 175)","(20, 50, 218)",0.5972844245397029,110025,/content/drive/MyDrive/datasCo/Imagenes_Scaner/PL_cropped/PL24_2.TIF,"(201, 186, 158)","(20, 55, 201)",110025
PL24_2.TIF,7,108.73264543750001,40.51841992577039,14.155612540606008,9.820949064945818,2613.693685508469,3020.3741412717986,"(214, 199, 173)","(19, 49, 214)",0.5955424937188841,107863,/content/drive/MyDrive/datasCo/Imagenes_Scaner/PL_cropped/PL24_2.TIF,"(197, 183, 158)","(19, 50, 197)",107863
PL24_2.TIF,8,68.578491875,32.352448211871014,11.06549095678216,7.951179932036512,2615.5156695575483,1973.0309863295604,"(203, 184, 149)","(19, 68, 203)",0.5625900338086138,68030,/content/drive/MyDrive/datasCo/Imagenes_Scaner/PL_cropped/PL24_2.TIF,"(187, 171, 137)","(20, 68, 187)",68030
PL24_2.TIF,9,114.2507795625,40.9225314512185,13.799710896173432,10.606829786776776,3021.0687418936445,985.4755463793819,"(220, 206, 178)","(20, 49, 220)",0.641255724079515,113337,/content/drive/MyDrive/datasCo/Imagenes_Scaner/PL_cropped/PL24_2.TIF,"(206, 193, 167)","(20, 48, 206)",113337
PL24_2.TIF,10,94.51795612500001,37.583881507610016,13.077594049937817,9.26054327011864,3193.7404705531026,2813.6134681427443,"(216, 200, 172)","(19, 52, 216)",0.6215417759860071,93762,/content/drive/MyDrive/datasCo/Imagenes_Scaner/PL_cropped/PL24_2.TIF,"(200, 187, 160)","(20, 51, 200)",93762
PL24_2.TIF,11,126.1237396875,43.48960828753924,14.85219084789682,10.869756431215881,3360.9253566718617,1644.742221156536,"(219, 204, 174)","(20, 52, 219)",0.5837269711865084,125115,/content/drive/MyDrive/datasCo/Imagenes_Scaner/PL_cropped/PL24_2.TIF,"(201, 187, 158)","(20, 55, 201)",125115
PL24_2.TIF,12,105.89898175,40.22535322150937,13.773617506118503,9.873985418260409,3737.973298937669,2007.3629059894147,"(215, 200, 168)","(20, 56, 215)",0.612801279366409,105052,/content/drive/MyDrive/datasCo/Imagenes_Scaner/PL_cropped/PL24_2.TIF,"(198, 185, 154)","(21, 57, 198)",105052
